/*
 Navicat Premium Data Transfer

 Source Server         : test
 Source Server Type    : MySQL
 Source Server Version : 80015
 Source Host           : localhost:3306
 Source Schema         : exam

 Target Server Type    : MySQL
 Target Server Version : 80015
 File Encoding         : 65001

 Date: 03/08/2022 10:08:28
*/

SET NAMES utf8mb4;
SET FOREIGN_KEY_CHECKS = 0;

-- ----------------------------
-- Table structure for banji
-- ----------------------------
DROP TABLE IF EXISTS `banji`;
CREATE TABLE `banji`  (
  `id` int(11) NOT NULL AUTO_INCREMENT,
  `name` varchar(255) CHARACTER SET utf8 COLLATE utf8_general_ci NULL DEFAULT NULL,
  `tno` varchar(255) CHARACTER SET utf8 COLLATE utf8_general_ci NOT NULL,
  PRIMARY KEY (`id`) USING BTREE,
  INDEX `fk_banji_banji_1`(`tno`) USING BTREE,
  CONSTRAINT `fk_banji_1` FOREIGN KEY (`tno`) REFERENCES `teacher` (`tno`) ON DELETE RESTRICT ON UPDATE RESTRICT
) ENGINE = InnoDB AUTO_INCREMENT = 3 CHARACTER SET = utf8 COLLATE = utf8_general_ci ROW_FORMAT = COMPACT;

-- ----------------------------
-- Records of banji
-- ----------------------------
INSERT INTO `banji` VALUES (1, '无', '无');
INSERT INTO `banji` VALUES (2, '计算机', 'T2022000003');

-- ----------------------------
-- Table structure for dajuanitem
-- ----------------------------
DROP TABLE IF EXISTS `dajuanitem`;
CREATE TABLE `dajuanitem`  (
  `id` int(11) NOT NULL AUTO_INCREMENT,
  `daan` text CHARACTER SET utf8 COLLATE utf8_general_ci NULL,
  `shijuanid` int(11) NULL DEFAULT NULL,
  `defen` int(11) NULL DEFAULT NULL,
  `tihao` int(11) NULL DEFAULT NULL,
  `qtype` int(11) NULL DEFAULT NULL,
  `fenshu` int(11) NULL DEFAULT NULL,
  `stno` varchar(255) CHARACTER SET utf8 COLLATE utf8_general_ci NULL DEFAULT NULL,
  `submittime` datetime(0) NULL DEFAULT NULL,
  PRIMARY KEY (`id`) USING BTREE,
  INDEX `fk_dajuanitem_dajuanitem_1`(`shijuanid`) USING BTREE,
  CONSTRAINT `fk_dajuanitem_1` FOREIGN KEY (`shijuanid`) REFERENCES `shijuan` (`id`) ON DELETE CASCADE ON UPDATE RESTRICT
) ENGINE = InnoDB AUTO_INCREMENT = 628 CHARACTER SET = utf8 COLLATE = utf8_general_ci ROW_FORMAT = COMPACT;

-- ----------------------------
-- Records of dajuanitem
-- ----------------------------
INSERT INTO `dajuanitem` VALUES (1, 'A', 1, NULL, 2, 0, NULL, '20220000002', NULL);
INSERT INTO `dajuanitem` VALUES (2, NULL, 4, 0, 19, 0, 2, '20220000002', '2022-07-28 00:00:00');
INSERT INTO `dajuanitem` VALUES (3, NULL, 4, 0, 11, 0, 2, '20220000002', '2022-07-28 00:00:00');
INSERT INTO `dajuanitem` VALUES (4, NULL, 4, 0, 9, 0, 2, '20220000002', '2022-07-28 00:00:00');
INSERT INTO `dajuanitem` VALUES (5, NULL, 4, 0, 16, 0, 2, '20220000002', '2022-07-28 00:00:00');
INSERT INTO `dajuanitem` VALUES (6, NULL, 4, 0, 12, 0, 2, '20220000002', '2022-07-28 00:00:00');
INSERT INTO `dajuanitem` VALUES (7, NULL, 4, 0, 18, 0, 2, '20220000002', '2022-07-28 00:00:00');
INSERT INTO `dajuanitem` VALUES (8, NULL, 4, 0, 14, 0, 2, '20220000002', '2022-07-28 00:00:00');
INSERT INTO `dajuanitem` VALUES (9, NULL, 4, 0, 35, 0, 2, '20220000002', '2022-07-28 00:00:00');
INSERT INTO `dajuanitem` VALUES (10, NULL, 4, 0, 27, 0, 2, '20220000002', '2022-07-28 00:00:00');
INSERT INTO `dajuanitem` VALUES (11, NULL, 4, 0, 17, 0, 2, '20220000002', '2022-07-28 00:00:00');
INSERT INTO `dajuanitem` VALUES (12, NULL, 4, 0, 23, 1, 2, '20220000002', '2022-07-28 00:00:00');
INSERT INTO `dajuanitem` VALUES (13, NULL, 4, 0, 39, 1, 2, '20220000002', '2022-07-28 00:00:00');
INSERT INTO `dajuanitem` VALUES (14, NULL, 4, 0, 30, 1, 2, '20220000002', '2022-07-28 00:00:00');
INSERT INTO `dajuanitem` VALUES (15, NULL, 4, 0, 6, 1, 2, '20220000002', '2022-07-28 00:00:00');
INSERT INTO `dajuanitem` VALUES (16, NULL, 4, 0, 45, 1, 2, '20220000002', '2022-07-28 00:00:00');
INSERT INTO `dajuanitem` VALUES (17, NULL, 4, 0, 24, 1, 2, '20220000002', '2022-07-28 00:00:00');
INSERT INTO `dajuanitem` VALUES (18, NULL, 4, 0, 31, 1, 2, '20220000002', '2022-07-28 00:00:00');
INSERT INTO `dajuanitem` VALUES (19, NULL, 4, 0, 35, 1, 2, '20220000002', '2022-07-28 00:00:00');
INSERT INTO `dajuanitem` VALUES (20, NULL, 4, 0, 17, 1, 2, '20220000002', '2022-07-28 00:00:00');
INSERT INTO `dajuanitem` VALUES (21, NULL, 4, 0, 18, 1, 2, '20220000002', '2022-07-28 00:00:00');
INSERT INTO `dajuanitem` VALUES (22, NULL, 4, 0, 3, 2, 3, '20220000002', '2022-07-28 00:00:00');
INSERT INTO `dajuanitem` VALUES (23, NULL, 4, 0, 10, 2, 3, '20220000002', '2022-07-28 00:00:00');
INSERT INTO `dajuanitem` VALUES (24, NULL, 4, 0, 8, 2, 3, '20220000002', '2022-07-28 00:00:00');
INSERT INTO `dajuanitem` VALUES (25, NULL, 4, 0, 2, 2, 3, '20220000002', '2022-07-28 00:00:00');
INSERT INTO `dajuanitem` VALUES (26, NULL, 4, 0, 11, 2, 3, '20220000002', '2022-07-28 00:00:00');
INSERT INTO `dajuanitem` VALUES (27, NULL, 4, 0, 1, 2, 3, '20220000002', '2022-07-28 00:00:00');
INSERT INTO `dajuanitem` VALUES (28, NULL, 4, 0, 9, 2, 3, '20220000002', '2022-07-28 00:00:00');
INSERT INTO `dajuanitem` VALUES (29, NULL, 4, 0, 7, 2, 3, '20220000002', '2022-07-28 00:00:00');
INSERT INTO `dajuanitem` VALUES (30, NULL, 4, 2, 6, 2, 3, '20220000002', '2022-07-28 00:00:00');
INSERT INTO `dajuanitem` VALUES (31, NULL, 4, 0, 12, 2, 3, '20220000002', '2022-07-28 00:00:00');
INSERT INTO `dajuanitem` VALUES (32, NULL, 4, 0, 12, 3, 10, '20220000002', '2022-07-28 00:00:00');
INSERT INTO `dajuanitem` VALUES (33, NULL, 4, 0, 20, 3, 10, '20220000002', '2022-07-28 00:00:00');
INSERT INTO `dajuanitem` VALUES (34, NULL, 4, 0, 11, 3, 10, '20220000002', '2022-07-28 00:00:00');
INSERT INTO `dajuanitem` VALUES (35, 'A', 4, 0, 19, 0, 2, '20220000002', '2022-07-28 00:00:00');
INSERT INTO `dajuanitem` VALUES (36, 'A', 4, 0, 11, 0, 2, '20220000002', '2022-07-28 00:00:00');
INSERT INTO `dajuanitem` VALUES (37, 'A', 4, 0, 9, 0, 2, '20220000002', '2022-07-28 00:00:00');
INSERT INTO `dajuanitem` VALUES (38, 'A', 4, 0, 16, 0, 2, '20220000002', '2022-07-28 00:00:00');
INSERT INTO `dajuanitem` VALUES (39, 'A', 4, 0, 12, 0, 2, '20220000002', '2022-07-28 00:00:00');
INSERT INTO `dajuanitem` VALUES (40, NULL, 4, 0, 18, 0, 2, '20220000002', '2022-07-28 00:00:00');
INSERT INTO `dajuanitem` VALUES (41, NULL, 4, 0, 14, 0, 2, '20220000002', '2022-07-28 00:00:00');
INSERT INTO `dajuanitem` VALUES (42, NULL, 4, 0, 35, 0, 2, '20220000002', '2022-07-28 00:00:00');
INSERT INTO `dajuanitem` VALUES (43, NULL, 4, 0, 27, 0, 2, '20220000002', '2022-07-28 00:00:00');
INSERT INTO `dajuanitem` VALUES (44, NULL, 4, 0, 17, 0, 2, '20220000002', '2022-07-28 00:00:00');
INSERT INTO `dajuanitem` VALUES (45, '正确', 4, 0, 23, 1, 2, '20220000002', '2022-07-28 00:00:00');
INSERT INTO `dajuanitem` VALUES (46, '错误', 4, 0, 39, 1, 2, '20220000002', '2022-07-28 00:00:00');
INSERT INTO `dajuanitem` VALUES (47, NULL, 4, 0, 30, 1, 2, '20220000002', '2022-07-28 00:00:00');
INSERT INTO `dajuanitem` VALUES (48, '正确', 4, 0, 6, 1, 2, '20220000002', '2022-07-28 00:00:00');
INSERT INTO `dajuanitem` VALUES (49, '正确', 4, 0, 45, 1, 2, '20220000002', '2022-07-28 00:00:00');
INSERT INTO `dajuanitem` VALUES (50, '正确', 4, 0, 24, 1, 2, '20220000002', '2022-07-28 00:00:00');
INSERT INTO `dajuanitem` VALUES (51, NULL, 4, 0, 31, 1, 2, '20220000002', '2022-07-28 00:00:00');
INSERT INTO `dajuanitem` VALUES (52, NULL, 4, 0, 35, 1, 2, '20220000002', '2022-07-28 00:00:00');
INSERT INTO `dajuanitem` VALUES (53, NULL, 4, 0, 17, 1, 2, '20220000002', '2022-07-28 00:00:00');
INSERT INTO `dajuanitem` VALUES (54, NULL, 4, 0, 18, 1, 2, '20220000002', '2022-07-28 00:00:00');
INSERT INTO `dajuanitem` VALUES (55, NULL, 4, 0, 3, 2, 3, '20220000002', '2022-07-28 00:00:00');
INSERT INTO `dajuanitem` VALUES (56, NULL, 4, 0, 10, 2, 3, '20220000002', '2022-07-28 00:00:00');
INSERT INTO `dajuanitem` VALUES (57, NULL, 4, 1, 8, 2, 3, '20220000002', '2022-07-28 00:00:00');
INSERT INTO `dajuanitem` VALUES (58, NULL, 4, 0, 2, 2, 3, '20220000002', '2022-07-28 00:00:00');
INSERT INTO `dajuanitem` VALUES (59, NULL, 4, 0, 11, 2, 3, '20220000002', '2022-07-28 00:00:00');
INSERT INTO `dajuanitem` VALUES (60, NULL, 4, 0, 1, 2, 3, '20220000002', '2022-07-28 00:00:00');
INSERT INTO `dajuanitem` VALUES (61, NULL, 4, 0, 9, 2, 3, '20220000002', '2022-07-28 00:00:00');
INSERT INTO `dajuanitem` VALUES (62, NULL, 4, 2, 7, 2, 3, '20220000002', '2022-07-28 00:00:00');
INSERT INTO `dajuanitem` VALUES (63, NULL, 4, 0, 6, 2, 3, '20220000002', '2022-07-28 00:00:00');
INSERT INTO `dajuanitem` VALUES (64, NULL, 4, 0, 12, 2, 3, '20220000002', '2022-07-28 00:00:00');
INSERT INTO `dajuanitem` VALUES (65, NULL, 4, 0, 12, 3, 10, '20220000002', '2022-07-28 00:00:00');
INSERT INTO `dajuanitem` VALUES (66, NULL, 4, 0, 20, 3, 10, '20220000002', '2022-07-28 00:00:00');
INSERT INTO `dajuanitem` VALUES (67, 'hhhhh', 4, 0, 11, 3, 10, '20220000002', '2022-07-28 00:00:00');
INSERT INTO `dajuanitem` VALUES (68, 'A', 4, 0, 19, 0, 2, '20220000002', '2022-07-28 00:00:00');
INSERT INTO `dajuanitem` VALUES (69, NULL, 4, 0, 11, 0, 2, '20220000002', '2022-07-28 00:00:00');
INSERT INTO `dajuanitem` VALUES (70, NULL, 4, 0, 9, 0, 2, '20220000002', '2022-07-28 00:00:00');
INSERT INTO `dajuanitem` VALUES (71, 'A', 4, 0, 16, 0, 2, '20220000002', '2022-07-28 00:00:00');
INSERT INTO `dajuanitem` VALUES (72, NULL, 4, 0, 12, 0, 2, '20220000002', '2022-07-28 00:00:00');
INSERT INTO `dajuanitem` VALUES (73, NULL, 4, 0, 18, 0, 2, '20220000002', '2022-07-28 00:00:00');
INSERT INTO `dajuanitem` VALUES (74, NULL, 4, 0, 14, 0, 2, '20220000002', '2022-07-28 00:00:00');
INSERT INTO `dajuanitem` VALUES (75, NULL, 4, 0, 35, 0, 2, '20220000002', '2022-07-28 00:00:00');
INSERT INTO `dajuanitem` VALUES (76, NULL, 4, 0, 27, 0, 2, '20220000002', '2022-07-28 00:00:00');
INSERT INTO `dajuanitem` VALUES (77, NULL, 4, 0, 17, 0, 2, '20220000002', '2022-07-28 00:00:00');
INSERT INTO `dajuanitem` VALUES (78, NULL, 4, 0, 23, 1, 2, '20220000002', '2022-07-28 00:00:00');
INSERT INTO `dajuanitem` VALUES (79, '正确', 4, 0, 39, 1, 2, '20220000002', '2022-07-28 00:00:00');
INSERT INTO `dajuanitem` VALUES (80, NULL, 4, 0, 30, 1, 2, '20220000002', '2022-07-28 00:00:00');
INSERT INTO `dajuanitem` VALUES (81, NULL, 4, 0, 6, 1, 2, '20220000002', '2022-07-28 00:00:00');
INSERT INTO `dajuanitem` VALUES (82, NULL, 4, 0, 45, 1, 2, '20220000002', '2022-07-28 00:00:00');
INSERT INTO `dajuanitem` VALUES (83, NULL, 4, 0, 24, 1, 2, '20220000002', '2022-07-28 00:00:00');
INSERT INTO `dajuanitem` VALUES (84, NULL, 4, 0, 31, 1, 2, '20220000002', '2022-07-28 00:00:00');
INSERT INTO `dajuanitem` VALUES (85, NULL, 4, 0, 35, 1, 2, '20220000002', '2022-07-28 00:00:00');
INSERT INTO `dajuanitem` VALUES (86, NULL, 4, 0, 17, 1, 2, '20220000002', '2022-07-28 00:00:00');
INSERT INTO `dajuanitem` VALUES (87, NULL, 4, 0, 18, 1, 2, '20220000002', '2022-07-28 00:00:00');
INSERT INTO `dajuanitem` VALUES (88, NULL, 4, 0, 3, 2, 3, '20220000002', '2022-07-28 00:00:00');
INSERT INTO `dajuanitem` VALUES (89, NULL, 4, 0, 10, 2, 3, '20220000002', '2022-07-28 00:00:00');
INSERT INTO `dajuanitem` VALUES (90, NULL, 4, 0, 8, 2, 3, '20220000002', '2022-07-28 00:00:00');
INSERT INTO `dajuanitem` VALUES (91, NULL, 4, 0, 2, 2, 3, '20220000002', '2022-07-28 00:00:00');
INSERT INTO `dajuanitem` VALUES (92, NULL, 4, 0, 11, 2, 3, '20220000002', '2022-07-28 00:00:00');
INSERT INTO `dajuanitem` VALUES (93, NULL, 4, 0, 1, 2, 3, '20220000002', '2022-07-28 00:00:00');
INSERT INTO `dajuanitem` VALUES (94, NULL, 4, 0, 9, 2, 3, '20220000002', '2022-07-28 00:00:00');
INSERT INTO `dajuanitem` VALUES (95, NULL, 4, 0, 7, 2, 3, '20220000002', '2022-07-28 00:00:00');
INSERT INTO `dajuanitem` VALUES (96, NULL, 4, 1, 6, 2, 3, '20220000002', '2022-07-28 00:00:00');
INSERT INTO `dajuanitem` VALUES (97, NULL, 4, 0, 12, 2, 3, '20220000002', '2022-07-28 00:00:00');
INSERT INTO `dajuanitem` VALUES (98, NULL, 4, 4, 12, 3, 10, '20220000002', '2022-07-28 00:00:00');
INSERT INTO `dajuanitem` VALUES (99, NULL, 4, 0, 20, 3, 10, '20220000002', '2022-07-28 00:00:00');
INSERT INTO `dajuanitem` VALUES (100, NULL, 4, 7, 11, 3, 10, '20220000002', '2022-07-28 00:00:00');
INSERT INTO `dajuanitem` VALUES (101, NULL, 5, 0, 2, 0, 2, '20220000002', '2022-07-29 00:00:00');
INSERT INTO `dajuanitem` VALUES (102, NULL, 5, 0, 19, 0, 2, '20220000002', '2022-07-29 00:00:00');
INSERT INTO `dajuanitem` VALUES (103, NULL, 5, 0, 34, 0, 2, '20220000002', '2022-07-29 00:00:00');
INSERT INTO `dajuanitem` VALUES (104, NULL, 5, 0, 27, 0, 2, '20220000002', '2022-07-29 00:00:00');
INSERT INTO `dajuanitem` VALUES (105, 'A', 5, 0, 33, 0, 2, '20220000002', '2022-07-29 00:00:00');
INSERT INTO `dajuanitem` VALUES (106, NULL, 5, 0, 38, 0, 2, '20220000002', '2022-07-29 00:00:00');
INSERT INTO `dajuanitem` VALUES (107, NULL, 5, 0, 36, 0, 2, '20220000002', '2022-07-29 00:00:00');
INSERT INTO `dajuanitem` VALUES (108, NULL, 5, 0, 4, 0, 2, '20220000002', '2022-07-29 00:00:00');
INSERT INTO `dajuanitem` VALUES (109, NULL, 5, 0, 8, 0, 2, '20220000002', '2022-07-29 00:00:00');
INSERT INTO `dajuanitem` VALUES (110, NULL, 5, 0, 11, 0, 2, '20220000002', '2022-07-29 00:00:00');
INSERT INTO `dajuanitem` VALUES (111, NULL, 5, 0, 7, 1, 2, '20220000002', '2022-07-29 00:00:00');
INSERT INTO `dajuanitem` VALUES (112, NULL, 5, 0, 25, 1, 2, '20220000002', '2022-07-29 00:00:00');
INSERT INTO `dajuanitem` VALUES (113, NULL, 5, 0, 15, 1, 2, '20220000002', '2022-07-29 00:00:00');
INSERT INTO `dajuanitem` VALUES (114, NULL, 5, 0, 40, 1, 2, '20220000002', '2022-07-29 00:00:00');
INSERT INTO `dajuanitem` VALUES (115, NULL, 5, 0, 41, 1, 2, '20220000002', '2022-07-29 00:00:00');
INSERT INTO `dajuanitem` VALUES (116, NULL, 5, 0, 19, 1, 2, '20220000002', '2022-07-29 00:00:00');
INSERT INTO `dajuanitem` VALUES (117, NULL, 5, 0, 39, 1, 2, '20220000002', '2022-07-29 00:00:00');
INSERT INTO `dajuanitem` VALUES (118, NULL, 5, 0, 14, 1, 2, '20220000002', '2022-07-29 00:00:00');
INSERT INTO `dajuanitem` VALUES (119, NULL, 5, 0, 6, 1, 2, '20220000002', '2022-07-29 00:00:00');
INSERT INTO `dajuanitem` VALUES (120, NULL, 5, 0, 44, 1, 2, '20220000002', '2022-07-29 00:00:00');
INSERT INTO `dajuanitem` VALUES (121, NULL, 5, 0, 1, 2, 3, '20220000002', '2022-07-29 00:00:00');
INSERT INTO `dajuanitem` VALUES (122, NULL, 5, 0, 9, 2, 3, '20220000002', '2022-07-29 00:00:00');
INSERT INTO `dajuanitem` VALUES (123, NULL, 5, 0, 6, 2, 3, '20220000002', '2022-07-29 00:00:00');
INSERT INTO `dajuanitem` VALUES (124, NULL, 5, 0, 10, 2, 3, '20220000002', '2022-07-29 00:00:00');
INSERT INTO `dajuanitem` VALUES (125, NULL, 5, 0, 2, 2, 3, '20220000002', '2022-07-29 00:00:00');
INSERT INTO `dajuanitem` VALUES (126, NULL, 5, 0, 7, 2, 3, '20220000002', '2022-07-29 00:00:00');
INSERT INTO `dajuanitem` VALUES (127, NULL, 5, 0, 12, 2, 3, '20220000002', '2022-07-29 00:00:00');
INSERT INTO `dajuanitem` VALUES (128, NULL, 5, 0, 8, 2, 3, '20220000002', '2022-07-29 00:00:00');
INSERT INTO `dajuanitem` VALUES (129, NULL, 5, 0, 11, 2, 3, '20220000002', '2022-07-29 00:00:00');
INSERT INTO `dajuanitem` VALUES (130, NULL, 5, 0, 3, 2, 3, '20220000002', '2022-07-29 00:00:00');
INSERT INTO `dajuanitem` VALUES (131, NULL, 5, 3, 23, 3, 10, '20220000002', '2022-07-29 00:00:00');
INSERT INTO `dajuanitem` VALUES (132, NULL, 5, 0, 19, 3, 10, '20220000002', '2022-07-29 00:00:00');
INSERT INTO `dajuanitem` VALUES (133, NULL, 5, 0, 21, 3, 10, '20220000002', '2022-07-29 00:00:00');
INSERT INTO `dajuanitem` VALUES (134, 'A', 4, 0, 19, 0, 2, '20220000002', '2022-07-30 00:00:00');
INSERT INTO `dajuanitem` VALUES (135, 'A', 4, 0, 11, 0, 2, '20220000002', '2022-07-30 00:00:00');
INSERT INTO `dajuanitem` VALUES (136, 'B', 4, 0, 9, 0, 2, '20220000002', '2022-07-30 00:00:00');
INSERT INTO `dajuanitem` VALUES (137, 'C', 4, 0, 16, 0, 2, '20220000002', '2022-07-30 00:00:00');
INSERT INTO `dajuanitem` VALUES (138, NULL, 4, 0, 12, 0, 2, '20220000002', '2022-07-30 00:00:00');
INSERT INTO `dajuanitem` VALUES (139, NULL, 4, 0, 18, 0, 2, '20220000002', '2022-07-30 00:00:00');
INSERT INTO `dajuanitem` VALUES (140, NULL, 4, 0, 14, 0, 2, '20220000002', '2022-07-30 00:00:00');
INSERT INTO `dajuanitem` VALUES (141, NULL, 4, 0, 35, 0, 2, '20220000002', '2022-07-30 00:00:00');
INSERT INTO `dajuanitem` VALUES (142, NULL, 4, 0, 27, 0, 2, '20220000002', '2022-07-30 00:00:00');
INSERT INTO `dajuanitem` VALUES (143, 'A', 4, 0, 17, 0, 2, '20220000002', '2022-07-30 00:00:00');
INSERT INTO `dajuanitem` VALUES (144, NULL, 4, 0, 23, 1, 2, '20220000002', '2022-07-30 00:00:00');
INSERT INTO `dajuanitem` VALUES (145, NULL, 4, 0, 39, 1, 2, '20220000002', '2022-07-30 00:00:00');
INSERT INTO `dajuanitem` VALUES (146, NULL, 4, 0, 30, 1, 2, '20220000002', '2022-07-30 00:00:00');
INSERT INTO `dajuanitem` VALUES (147, NULL, 4, 0, 6, 1, 2, '20220000002', '2022-07-30 00:00:00');
INSERT INTO `dajuanitem` VALUES (148, NULL, 4, 0, 45, 1, 2, '20220000002', '2022-07-30 00:00:00');
INSERT INTO `dajuanitem` VALUES (149, NULL, 4, 0, 24, 1, 2, '20220000002', '2022-07-30 00:00:00');
INSERT INTO `dajuanitem` VALUES (150, NULL, 4, 0, 31, 1, 2, '20220000002', '2022-07-30 00:00:00');
INSERT INTO `dajuanitem` VALUES (151, '错误', 4, 0, 35, 1, 2, '20220000002', '2022-07-30 00:00:00');
INSERT INTO `dajuanitem` VALUES (152, '错误', 4, 0, 17, 1, 2, '20220000002', '2022-07-30 00:00:00');
INSERT INTO `dajuanitem` VALUES (153, NULL, 4, 0, 18, 1, 2, '20220000002', '2022-07-30 00:00:00');
INSERT INTO `dajuanitem` VALUES (154, 'hhhhhhhhhhhhhhh', 4, 0, 3, 2, 3, '20220000002', '2022-07-30 00:00:00');
INSERT INTO `dajuanitem` VALUES (155, NULL, 4, 0, 10, 2, 3, '20220000002', '2022-07-30 00:00:00');
INSERT INTO `dajuanitem` VALUES (156, NULL, 4, 1, 8, 2, 3, '20220000002', '2022-07-30 00:00:00');
INSERT INTO `dajuanitem` VALUES (157, NULL, 4, 0, 2, 2, 3, '20220000002', '2022-07-30 00:00:00');
INSERT INTO `dajuanitem` VALUES (158, NULL, 4, 0, 11, 2, 3, '20220000002', '2022-07-30 00:00:00');
INSERT INTO `dajuanitem` VALUES (159, NULL, 4, 0, 1, 2, 3, '20220000002', '2022-07-30 00:00:00');
INSERT INTO `dajuanitem` VALUES (160, NULL, 4, 0, 9, 2, 3, '20220000002', '2022-07-30 00:00:00');
INSERT INTO `dajuanitem` VALUES (161, NULL, 4, 0, 7, 2, 3, '20220000002', '2022-07-30 00:00:00');
INSERT INTO `dajuanitem` VALUES (162, NULL, 4, 0, 6, 2, 3, '20220000002', '2022-07-30 00:00:00');
INSERT INTO `dajuanitem` VALUES (163, NULL, 4, 0, 12, 2, 3, '20220000002', '2022-07-30 00:00:00');
INSERT INTO `dajuanitem` VALUES (164, NULL, 4, 0, 12, 3, 10, '20220000002', '2022-07-30 00:00:00');
INSERT INTO `dajuanitem` VALUES (165, NULL, 4, 1, 20, 3, 10, '20220000002', '2022-07-30 00:00:00');
INSERT INTO `dajuanitem` VALUES (166, NULL, 4, 0, 11, 3, 10, '20220000002', '2022-07-30 00:00:00');
INSERT INTO `dajuanitem` VALUES (167, 'B', 6, 0, 26, 0, 2, '20220000001', '2022-07-30 00:00:00');
INSERT INTO `dajuanitem` VALUES (168, NULL, 6, 0, 38, 0, 2, '20220000001', '2022-07-30 00:00:00');
INSERT INTO `dajuanitem` VALUES (169, NULL, 6, 0, 31, 0, 2, '20220000001', '2022-07-30 00:00:00');
INSERT INTO `dajuanitem` VALUES (170, NULL, 6, 0, 22, 0, 2, '20220000001', '2022-07-30 00:00:00');
INSERT INTO `dajuanitem` VALUES (171, 'B', 6, 0, 36, 0, 2, '20220000001', '2022-07-30 00:00:00');
INSERT INTO `dajuanitem` VALUES (172, NULL, 6, 0, 32, 0, 2, '20220000001', '2022-07-30 00:00:00');
INSERT INTO `dajuanitem` VALUES (173, NULL, 6, 0, 5, 0, 2, '20220000001', '2022-07-30 00:00:00');
INSERT INTO `dajuanitem` VALUES (174, NULL, 6, 0, 17, 0, 2, '20220000001', '2022-07-30 00:00:00');
INSERT INTO `dajuanitem` VALUES (175, NULL, 6, 0, 29, 0, 2, '20220000001', '2022-07-30 00:00:00');
INSERT INTO `dajuanitem` VALUES (176, 'A', 6, 0, 4, 0, 2, '20220000001', '2022-07-30 00:00:00');
INSERT INTO `dajuanitem` VALUES (177, NULL, 6, 0, 19, 1, 2, '20220000001', '2022-07-30 00:00:00');
INSERT INTO `dajuanitem` VALUES (178, NULL, 6, 0, 13, 1, 2, '20220000001', '2022-07-30 00:00:00');
INSERT INTO `dajuanitem` VALUES (179, NULL, 6, 0, 41, 1, 2, '20220000001', '2022-07-30 00:00:00');
INSERT INTO `dajuanitem` VALUES (180, '正确', 6, 0, 40, 1, 2, '20220000001', '2022-07-30 00:00:00');
INSERT INTO `dajuanitem` VALUES (181, NULL, 6, 0, 22, 1, 2, '20220000001', '2022-07-30 00:00:00');
INSERT INTO `dajuanitem` VALUES (182, NULL, 6, 0, 16, 1, 2, '20220000001', '2022-07-30 00:00:00');
INSERT INTO `dajuanitem` VALUES (183, NULL, 6, 0, 14, 1, 2, '20220000001', '2022-07-30 00:00:00');
INSERT INTO `dajuanitem` VALUES (184, NULL, 6, 0, 31, 1, 2, '20220000001', '2022-07-30 00:00:00');
INSERT INTO `dajuanitem` VALUES (185, '正确', 6, 0, 36, 1, 2, '20220000001', '2022-07-30 00:00:00');
INSERT INTO `dajuanitem` VALUES (186, NULL, 6, 0, 44, 1, 2, '20220000001', '2022-07-30 00:00:00');
INSERT INTO `dajuanitem` VALUES (187, NULL, 6, 0, 3, 2, 3, '20220000001', '2022-07-30 00:00:00');
INSERT INTO `dajuanitem` VALUES (188, NULL, 6, 0, 12, 2, 3, '20220000001', '2022-07-30 00:00:00');
INSERT INTO `dajuanitem` VALUES (189, NULL, 6, 0, 2, 2, 3, '20220000001', '2022-07-30 00:00:00');
INSERT INTO `dajuanitem` VALUES (190, NULL, 6, 0, 11, 2, 3, '20220000001', '2022-07-30 00:00:00');
INSERT INTO `dajuanitem` VALUES (191, NULL, 6, 0, 10, 2, 3, '20220000001', '2022-07-30 00:00:00');
INSERT INTO `dajuanitem` VALUES (192, NULL, 6, 0, 6, 2, 3, '20220000001', '2022-07-30 00:00:00');
INSERT INTO `dajuanitem` VALUES (193, NULL, 6, 0, 1, 2, 3, '20220000001', '2022-07-30 00:00:00');
INSERT INTO `dajuanitem` VALUES (194, NULL, 6, 0, 9, 2, 3, '20220000001', '2022-07-30 00:00:00');
INSERT INTO `dajuanitem` VALUES (195, NULL, 6, 0, 8, 2, 3, '20220000001', '2022-07-30 00:00:00');
INSERT INTO `dajuanitem` VALUES (196, NULL, 6, 0, 7, 2, 3, '20220000001', '2022-07-30 00:00:00');
INSERT INTO `dajuanitem` VALUES (197, NULL, 6, 0, 19, 3, 10, '20220000001', '2022-07-30 00:00:00');
INSERT INTO `dajuanitem` VALUES (198, NULL, 6, 0, 15, 3, 10, '20220000001', '2022-07-30 00:00:00');
INSERT INTO `dajuanitem` VALUES (199, NULL, 6, 0, 21, 3, 10, '20220000001', '2022-07-30 00:00:00');
INSERT INTO `dajuanitem` VALUES (200, 'A', 6, 0, 26, 0, 2, '20220000002', '2022-07-31 00:00:00');
INSERT INTO `dajuanitem` VALUES (201, 'A', 6, 0, 38, 0, 2, '20220000002', '2022-07-31 00:00:00');
INSERT INTO `dajuanitem` VALUES (202, 'A', 6, 0, 31, 0, 2, '20220000002', '2022-07-31 00:00:00');
INSERT INTO `dajuanitem` VALUES (203, 'A', 6, 0, 22, 0, 2, '20220000002', '2022-07-31 00:00:00');
INSERT INTO `dajuanitem` VALUES (204, 'A', 6, 0, 36, 0, 2, '20220000002', '2022-07-31 00:00:00');
INSERT INTO `dajuanitem` VALUES (205, 'A', 6, 0, 32, 0, 2, '20220000002', '2022-07-31 00:00:00');
INSERT INTO `dajuanitem` VALUES (206, 'A', 6, 0, 5, 0, 2, '20220000002', '2022-07-31 00:00:00');
INSERT INTO `dajuanitem` VALUES (207, 'A', 6, 0, 17, 0, 2, '20220000002', '2022-07-31 00:00:00');
INSERT INTO `dajuanitem` VALUES (208, 'A', 6, 0, 29, 0, 2, '20220000002', '2022-07-31 00:00:00');
INSERT INTO `dajuanitem` VALUES (209, 'A', 6, 0, 4, 0, 2, '20220000002', '2022-07-31 00:00:00');
INSERT INTO `dajuanitem` VALUES (210, '正确', 6, 0, 19, 1, 2, '20220000002', '2022-07-31 00:00:00');
INSERT INTO `dajuanitem` VALUES (211, '正确', 6, 0, 13, 1, 2, '20220000002', '2022-07-31 00:00:00');
INSERT INTO `dajuanitem` VALUES (212, '正确', 6, 0, 41, 1, 2, '20220000002', '2022-07-31 00:00:00');
INSERT INTO `dajuanitem` VALUES (213, '正确', 6, 0, 40, 1, 2, '20220000002', '2022-07-31 00:00:00');
INSERT INTO `dajuanitem` VALUES (214, NULL, 6, 0, 22, 1, 2, '20220000002', '2022-07-31 00:00:00');
INSERT INTO `dajuanitem` VALUES (215, NULL, 6, 0, 16, 1, 2, '20220000002', '2022-07-31 00:00:00');
INSERT INTO `dajuanitem` VALUES (216, NULL, 6, 0, 14, 1, 2, '20220000002', '2022-07-31 00:00:00');
INSERT INTO `dajuanitem` VALUES (217, NULL, 6, 0, 31, 1, 2, '20220000002', '2022-07-31 00:00:00');
INSERT INTO `dajuanitem` VALUES (218, NULL, 6, 0, 36, 1, 2, '20220000002', '2022-07-31 00:00:00');
INSERT INTO `dajuanitem` VALUES (219, NULL, 6, 0, 44, 1, 2, '20220000002', '2022-07-31 00:00:00');
INSERT INTO `dajuanitem` VALUES (220, '编程语言', 6, 0, 3, 2, 3, '20220000002', '2022-07-31 00:00:00');
INSERT INTO `dajuanitem` VALUES (221, NULL, 6, 0, 12, 2, 3, '20220000002', '2022-07-31 00:00:00');
INSERT INTO `dajuanitem` VALUES (222, NULL, 6, 0, 2, 2, 3, '20220000002', '2022-07-31 00:00:00');
INSERT INTO `dajuanitem` VALUES (223, NULL, 6, 0, 11, 2, 3, '20220000002', '2022-07-31 00:00:00');
INSERT INTO `dajuanitem` VALUES (224, NULL, 6, 0, 10, 2, 3, '20220000002', '2022-07-31 00:00:00');
INSERT INTO `dajuanitem` VALUES (225, NULL, 6, 0, 6, 2, 3, '20220000002', '2022-07-31 00:00:00');
INSERT INTO `dajuanitem` VALUES (226, NULL, 6, 0, 1, 2, 3, '20220000002', '2022-07-31 00:00:00');
INSERT INTO `dajuanitem` VALUES (227, NULL, 6, 0, 9, 2, 3, '20220000002', '2022-07-31 00:00:00');
INSERT INTO `dajuanitem` VALUES (228, NULL, 6, 0, 8, 2, 3, '20220000002', '2022-07-31 00:00:00');
INSERT INTO `dajuanitem` VALUES (229, NULL, 6, 0, 7, 2, 3, '20220000002', '2022-07-31 00:00:00');
INSERT INTO `dajuanitem` VALUES (230, NULL, 6, 0, 19, 3, 10, '20220000002', '2022-07-31 00:00:00');
INSERT INTO `dajuanitem` VALUES (231, NULL, 6, 0, 15, 3, 10, '20220000002', '2022-07-31 00:00:00');
INSERT INTO `dajuanitem` VALUES (232, NULL, 6, 0, 21, 3, 10, '20220000002', '2022-07-31 00:00:00');
INSERT INTO `dajuanitem` VALUES (233, 'A', 10, 0, 9, 0, 2, '20220000002', '2022-08-01 09:19:35');
INSERT INTO `dajuanitem` VALUES (234, NULL, 10, 0, 5, 0, 2, '20220000002', '2022-08-01 09:19:35');
INSERT INTO `dajuanitem` VALUES (235, NULL, 10, 0, 25, 0, 2, '20220000002', '2022-08-01 09:19:35');
INSERT INTO `dajuanitem` VALUES (236, 'A', 10, 0, 38, 0, 2, '20220000002', '2022-08-01 09:19:35');
INSERT INTO `dajuanitem` VALUES (237, NULL, 10, 0, 12, 0, 2, '20220000002', '2022-08-01 09:19:35');
INSERT INTO `dajuanitem` VALUES (238, NULL, 10, 0, 6, 0, 2, '20220000002', '2022-08-01 09:19:35');
INSERT INTO `dajuanitem` VALUES (239, NULL, 10, 0, 33, 0, 2, '20220000002', '2022-08-01 09:19:35');
INSERT INTO `dajuanitem` VALUES (240, NULL, 10, 0, 15, 0, 2, '20220000002', '2022-08-01 09:19:35');
INSERT INTO `dajuanitem` VALUES (241, NULL, 10, 0, 19, 0, 2, '20220000002', '2022-08-01 09:19:35');
INSERT INTO `dajuanitem` VALUES (242, 'A', 10, 0, 14, 0, 2, '20220000002', '2022-08-01 09:19:35');
INSERT INTO `dajuanitem` VALUES (243, NULL, 10, 0, 6, 1, 2, '20220000002', '2022-08-01 09:19:35');
INSERT INTO `dajuanitem` VALUES (244, NULL, 10, 0, 17, 1, 2, '20220000002', '2022-08-01 09:19:35');
INSERT INTO `dajuanitem` VALUES (245, NULL, 10, 0, 27, 1, 2, '20220000002', '2022-08-01 09:19:35');
INSERT INTO `dajuanitem` VALUES (246, NULL, 10, 0, 16, 1, 2, '20220000002', '2022-08-01 09:19:35');
INSERT INTO `dajuanitem` VALUES (247, NULL, 10, 0, 23, 1, 2, '20220000002', '2022-08-01 09:19:35');
INSERT INTO `dajuanitem` VALUES (248, NULL, 10, 0, 30, 1, 2, '20220000002', '2022-08-01 09:19:35');
INSERT INTO `dajuanitem` VALUES (249, NULL, 10, 0, 46, 1, 2, '20220000002', '2022-08-01 09:19:35');
INSERT INTO `dajuanitem` VALUES (250, NULL, 10, 0, 35, 1, 2, '20220000002', '2022-08-01 09:19:35');
INSERT INTO `dajuanitem` VALUES (251, NULL, 10, 0, 21, 1, 2, '20220000002', '2022-08-01 09:19:35');
INSERT INTO `dajuanitem` VALUES (252, NULL, 10, 0, 41, 1, 2, '20220000002', '2022-08-01 09:19:35');
INSERT INTO `dajuanitem` VALUES (253, NULL, 10, 0, 10, 2, 3, '20220000002', '2022-08-01 09:19:35');
INSERT INTO `dajuanitem` VALUES (254, NULL, 10, 3, 7, 2, 3, '20220000002', '2022-08-01 09:19:35');
INSERT INTO `dajuanitem` VALUES (255, NULL, 10, 0, 2, 2, 3, '20220000002', '2022-08-01 09:19:35');
INSERT INTO `dajuanitem` VALUES (256, NULL, 10, 0, 1, 2, 3, '20220000002', '2022-08-01 09:19:35');
INSERT INTO `dajuanitem` VALUES (257, NULL, 10, 0, 9, 2, 3, '20220000002', '2022-08-01 09:19:35');
INSERT INTO `dajuanitem` VALUES (258, NULL, 10, 0, 8, 2, 3, '20220000002', '2022-08-01 09:19:35');
INSERT INTO `dajuanitem` VALUES (259, NULL, 10, 0, 11, 2, 3, '20220000002', '2022-08-01 09:19:35');
INSERT INTO `dajuanitem` VALUES (260, NULL, 10, 3, 6, 2, 3, '20220000002', '2022-08-01 09:19:35');
INSERT INTO `dajuanitem` VALUES (261, NULL, 10, 0, 3, 2, 3, '20220000002', '2022-08-01 09:19:35');
INSERT INTO `dajuanitem` VALUES (262, NULL, 10, 0, 12, 2, 3, '20220000002', '2022-08-01 09:19:35');
INSERT INTO `dajuanitem` VALUES (263, NULL, 10, 0, 11, 3, 10, '20220000002', '2022-08-01 09:19:35');
INSERT INTO `dajuanitem` VALUES (264, NULL, 10, 0, 18, 3, 10, '20220000002', '2022-08-01 09:19:35');
INSERT INTO `dajuanitem` VALUES (265, NULL, 10, 0, 22, 3, 10, '20220000002', '2022-08-01 09:19:35');
INSERT INTO `dajuanitem` VALUES (266, NULL, 11, 0, 28, 0, 2, '20220000002', '2022-08-01 11:01:49');
INSERT INTO `dajuanitem` VALUES (267, NULL, 11, 0, 5, 0, 2, '20220000002', '2022-08-01 11:01:49');
INSERT INTO `dajuanitem` VALUES (268, NULL, 11, 0, 39, 0, 2, '20220000002', '2022-08-01 11:01:49');
INSERT INTO `dajuanitem` VALUES (269, 'B', 11, 0, 10, 0, 2, '20220000002', '2022-08-01 11:01:49');
INSERT INTO `dajuanitem` VALUES (270, NULL, 11, 0, 16, 0, 2, '20220000002', '2022-08-01 11:01:49');
INSERT INTO `dajuanitem` VALUES (271, NULL, 11, 0, 13, 0, 2, '20220000002', '2022-08-01 11:01:49');
INSERT INTO `dajuanitem` VALUES (272, NULL, 11, 0, 17, 0, 2, '20220000002', '2022-08-01 11:01:49');
INSERT INTO `dajuanitem` VALUES (273, NULL, 11, 0, 22, 0, 2, '20220000002', '2022-08-01 11:01:49');
INSERT INTO `dajuanitem` VALUES (274, NULL, 11, 0, 29, 0, 2, '20220000002', '2022-08-01 11:01:49');
INSERT INTO `dajuanitem` VALUES (275, NULL, 11, 0, 35, 0, 2, '20220000002', '2022-08-01 11:01:49');
INSERT INTO `dajuanitem` VALUES (276, NULL, 11, 0, 49, 1, 2, '20220000002', '2022-08-01 11:01:49');
INSERT INTO `dajuanitem` VALUES (277, NULL, 11, 0, 46, 1, 2, '20220000002', '2022-08-01 11:01:49');
INSERT INTO `dajuanitem` VALUES (278, NULL, 11, 0, 33, 1, 2, '20220000002', '2022-08-01 11:01:49');
INSERT INTO `dajuanitem` VALUES (279, NULL, 11, 0, 19, 1, 2, '20220000002', '2022-08-01 11:01:49');
INSERT INTO `dajuanitem` VALUES (280, NULL, 11, 0, 30, 1, 2, '20220000002', '2022-08-01 11:01:49');
INSERT INTO `dajuanitem` VALUES (281, NULL, 11, 0, 26, 1, 2, '20220000002', '2022-08-01 11:01:49');
INSERT INTO `dajuanitem` VALUES (282, NULL, 11, 0, 40, 1, 2, '20220000002', '2022-08-01 11:01:49');
INSERT INTO `dajuanitem` VALUES (283, NULL, 11, 0, 23, 1, 2, '20220000002', '2022-08-01 11:01:49');
INSERT INTO `dajuanitem` VALUES (284, NULL, 11, 0, 47, 1, 2, '20220000002', '2022-08-01 11:01:49');
INSERT INTO `dajuanitem` VALUES (285, NULL, 11, 0, 25, 1, 2, '20220000002', '2022-08-01 11:01:49');
INSERT INTO `dajuanitem` VALUES (286, NULL, 11, 0, 11, 2, 3, '20220000002', '2022-08-01 11:01:49');
INSERT INTO `dajuanitem` VALUES (287, NULL, 11, 0, 2, 2, 3, '20220000002', '2022-08-01 11:01:49');
INSERT INTO `dajuanitem` VALUES (288, NULL, 11, 0, 1, 2, 3, '20220000002', '2022-08-01 11:01:49');
INSERT INTO `dajuanitem` VALUES (289, NULL, 11, 0, 6, 2, 3, '20220000002', '2022-08-01 11:01:49');
INSERT INTO `dajuanitem` VALUES (290, NULL, 11, 0, 9, 2, 3, '20220000002', '2022-08-01 11:01:49');
INSERT INTO `dajuanitem` VALUES (291, NULL, 11, 0, 10, 2, 3, '20220000002', '2022-08-01 11:01:49');
INSERT INTO `dajuanitem` VALUES (292, NULL, 11, 0, 7, 2, 3, '20220000002', '2022-08-01 11:01:49');
INSERT INTO `dajuanitem` VALUES (293, NULL, 11, 0, 8, 2, 3, '20220000002', '2022-08-01 11:01:49');
INSERT INTO `dajuanitem` VALUES (294, NULL, 11, 0, 12, 2, 3, '20220000002', '2022-08-01 11:01:49');
INSERT INTO `dajuanitem` VALUES (295, NULL, 11, 0, 3, 2, 3, '20220000002', '2022-08-01 11:01:49');
INSERT INTO `dajuanitem` VALUES (296, NULL, 11, 0, 16, 3, 10, '20220000002', '2022-08-01 11:01:49');
INSERT INTO `dajuanitem` VALUES (297, NULL, 11, 2, 23, 3, 10, '20220000002', '2022-08-01 11:01:49');
INSERT INTO `dajuanitem` VALUES (298, NULL, 11, 0, 11, 3, 10, '20220000002', '2022-08-01 11:01:49');
INSERT INTO `dajuanitem` VALUES (299, NULL, 11, 0, 28, 0, 2, '20220000001', '2022-08-01 11:06:04');
INSERT INTO `dajuanitem` VALUES (300, 'C', 11, 0, 5, 0, 2, '20220000001', '2022-08-01 11:06:04');
INSERT INTO `dajuanitem` VALUES (301, NULL, 11, 0, 39, 0, 2, '20220000001', '2022-08-01 11:06:04');
INSERT INTO `dajuanitem` VALUES (302, NULL, 11, 0, 10, 0, 2, '20220000001', '2022-08-01 11:06:04');
INSERT INTO `dajuanitem` VALUES (303, NULL, 11, 0, 16, 0, 2, '20220000001', '2022-08-01 11:06:04');
INSERT INTO `dajuanitem` VALUES (304, NULL, 11, 0, 13, 0, 2, '20220000001', '2022-08-01 11:06:04');
INSERT INTO `dajuanitem` VALUES (305, NULL, 11, 0, 17, 0, 2, '20220000001', '2022-08-01 11:06:04');
INSERT INTO `dajuanitem` VALUES (306, NULL, 11, 0, 22, 0, 2, '20220000001', '2022-08-01 11:06:04');
INSERT INTO `dajuanitem` VALUES (307, NULL, 11, 0, 29, 0, 2, '20220000001', '2022-08-01 11:06:04');
INSERT INTO `dajuanitem` VALUES (308, NULL, 11, 0, 35, 0, 2, '20220000001', '2022-08-01 11:06:04');
INSERT INTO `dajuanitem` VALUES (309, NULL, 11, 0, 49, 1, 2, '20220000001', '2022-08-01 11:06:04');
INSERT INTO `dajuanitem` VALUES (310, NULL, 11, 0, 46, 1, 2, '20220000001', '2022-08-01 11:06:04');
INSERT INTO `dajuanitem` VALUES (311, NULL, 11, 0, 33, 1, 2, '20220000001', '2022-08-01 11:06:04');
INSERT INTO `dajuanitem` VALUES (312, NULL, 11, 0, 19, 1, 2, '20220000001', '2022-08-01 11:06:04');
INSERT INTO `dajuanitem` VALUES (313, NULL, 11, 0, 30, 1, 2, '20220000001', '2022-08-01 11:06:04');
INSERT INTO `dajuanitem` VALUES (314, NULL, 11, 0, 26, 1, 2, '20220000001', '2022-08-01 11:06:04');
INSERT INTO `dajuanitem` VALUES (315, NULL, 11, 0, 40, 1, 2, '20220000001', '2022-08-01 11:06:04');
INSERT INTO `dajuanitem` VALUES (316, NULL, 11, 0, 23, 1, 2, '20220000001', '2022-08-01 11:06:04');
INSERT INTO `dajuanitem` VALUES (317, NULL, 11, 0, 47, 1, 2, '20220000001', '2022-08-01 11:06:04');
INSERT INTO `dajuanitem` VALUES (318, NULL, 11, 0, 25, 1, 2, '20220000001', '2022-08-01 11:06:04');
INSERT INTO `dajuanitem` VALUES (319, NULL, 11, 0, 11, 2, 3, '20220000001', '2022-08-01 11:06:04');
INSERT INTO `dajuanitem` VALUES (320, NULL, 11, 0, 2, 2, 3, '20220000001', '2022-08-01 11:06:04');
INSERT INTO `dajuanitem` VALUES (321, NULL, 11, 0, 1, 2, 3, '20220000001', '2022-08-01 11:06:04');
INSERT INTO `dajuanitem` VALUES (322, NULL, 11, 0, 6, 2, 3, '20220000001', '2022-08-01 11:06:04');
INSERT INTO `dajuanitem` VALUES (323, NULL, 11, 0, 9, 2, 3, '20220000001', '2022-08-01 11:06:04');
INSERT INTO `dajuanitem` VALUES (324, NULL, 11, 0, 10, 2, 3, '20220000001', '2022-08-01 11:06:04');
INSERT INTO `dajuanitem` VALUES (325, NULL, 11, 0, 7, 2, 3, '20220000001', '2022-08-01 11:06:04');
INSERT INTO `dajuanitem` VALUES (326, NULL, 11, 0, 8, 2, 3, '20220000001', '2022-08-01 11:06:04');
INSERT INTO `dajuanitem` VALUES (327, NULL, 11, 0, 12, 2, 3, '20220000001', '2022-08-01 11:06:04');
INSERT INTO `dajuanitem` VALUES (328, NULL, 11, 0, 3, 2, 3, '20220000001', '2022-08-01 11:06:04');
INSERT INTO `dajuanitem` VALUES (329, NULL, 11, 0, 16, 3, 10, '20220000001', '2022-08-01 11:06:04');
INSERT INTO `dajuanitem` VALUES (330, NULL, 11, 2, 23, 3, 10, '20220000001', '2022-08-01 11:06:04');
INSERT INTO `dajuanitem` VALUES (331, NULL, 11, 0, 11, 3, 10, '20220000001', '2022-08-01 11:06:04');
INSERT INTO `dajuanitem` VALUES (332, 'A', 10, 0, 9, 0, 2, '20220000002', '2022-08-02 19:01:06');
INSERT INTO `dajuanitem` VALUES (333, 'A', 10, 0, 5, 0, 2, '20220000002', '2022-08-02 19:01:06');
INSERT INTO `dajuanitem` VALUES (334, 'A', 10, 0, 25, 0, 2, '20220000002', '2022-08-02 19:01:06');
INSERT INTO `dajuanitem` VALUES (335, NULL, 10, 0, 38, 0, 2, '20220000002', '2022-08-02 19:01:06');
INSERT INTO `dajuanitem` VALUES (336, NULL, 10, 0, 12, 0, 2, '20220000002', '2022-08-02 19:01:06');
INSERT INTO `dajuanitem` VALUES (337, NULL, 10, 0, 6, 0, 2, '20220000002', '2022-08-02 19:01:06');
INSERT INTO `dajuanitem` VALUES (338, NULL, 10, 0, 33, 0, 2, '20220000002', '2022-08-02 19:01:06');
INSERT INTO `dajuanitem` VALUES (339, NULL, 10, 0, 15, 0, 2, '20220000002', '2022-08-02 19:01:06');
INSERT INTO `dajuanitem` VALUES (340, NULL, 10, 0, 19, 0, 2, '20220000002', '2022-08-02 19:01:06');
INSERT INTO `dajuanitem` VALUES (341, NULL, 10, 0, 14, 0, 2, '20220000002', '2022-08-02 19:01:06');
INSERT INTO `dajuanitem` VALUES (342, NULL, 10, 0, 6, 1, 2, '20220000002', '2022-08-02 19:01:06');
INSERT INTO `dajuanitem` VALUES (343, NULL, 10, 0, 17, 1, 2, '20220000002', '2022-08-02 19:01:06');
INSERT INTO `dajuanitem` VALUES (344, NULL, 10, 0, 27, 1, 2, '20220000002', '2022-08-02 19:01:06');
INSERT INTO `dajuanitem` VALUES (345, NULL, 10, 0, 16, 1, 2, '20220000002', '2022-08-02 19:01:06');
INSERT INTO `dajuanitem` VALUES (346, NULL, 10, 0, 23, 1, 2, '20220000002', '2022-08-02 19:01:06');
INSERT INTO `dajuanitem` VALUES (347, NULL, 10, 0, 30, 1, 2, '20220000002', '2022-08-02 19:01:06');
INSERT INTO `dajuanitem` VALUES (348, NULL, 10, 0, 46, 1, 2, '20220000002', '2022-08-02 19:01:06');
INSERT INTO `dajuanitem` VALUES (349, NULL, 10, 0, 35, 1, 2, '20220000002', '2022-08-02 19:01:06');
INSERT INTO `dajuanitem` VALUES (350, NULL, 10, 0, 21, 1, 2, '20220000002', '2022-08-02 19:01:06');
INSERT INTO `dajuanitem` VALUES (351, NULL, 10, 0, 41, 1, 2, '20220000002', '2022-08-02 19:01:06');
INSERT INTO `dajuanitem` VALUES (352, NULL, 10, 0, 10, 2, 3, '20220000002', '2022-08-02 19:01:06');
INSERT INTO `dajuanitem` VALUES (353, NULL, 10, 0, 7, 2, 3, '20220000002', '2022-08-02 19:01:06');
INSERT INTO `dajuanitem` VALUES (354, NULL, 10, 0, 2, 2, 3, '20220000002', '2022-08-02 19:01:06');
INSERT INTO `dajuanitem` VALUES (355, NULL, 10, 0, 1, 2, 3, '20220000002', '2022-08-02 19:01:06');
INSERT INTO `dajuanitem` VALUES (356, NULL, 10, 0, 9, 2, 3, '20220000002', '2022-08-02 19:01:06');
INSERT INTO `dajuanitem` VALUES (357, NULL, 10, 0, 8, 2, 3, '20220000002', '2022-08-02 19:01:06');
INSERT INTO `dajuanitem` VALUES (358, NULL, 10, 0, 11, 2, 3, '20220000002', '2022-08-02 19:01:06');
INSERT INTO `dajuanitem` VALUES (359, NULL, 10, 0, 6, 2, 3, '20220000002', '2022-08-02 19:01:06');
INSERT INTO `dajuanitem` VALUES (360, NULL, 10, 0, 3, 2, 3, '20220000002', '2022-08-02 19:01:06');
INSERT INTO `dajuanitem` VALUES (361, NULL, 10, 0, 12, 2, 3, '20220000002', '2022-08-02 19:01:06');
INSERT INTO `dajuanitem` VALUES (362, NULL, 10, 0, 11, 3, 10, '20220000002', '2022-08-02 19:01:06');
INSERT INTO `dajuanitem` VALUES (363, NULL, 10, 0, 18, 3, 10, '20220000002', '2022-08-02 19:01:06');
INSERT INTO `dajuanitem` VALUES (364, NULL, 10, 0, 22, 3, 10, '20220000002', '2022-08-02 19:01:06');
INSERT INTO `dajuanitem` VALUES (365, NULL, 10, 0, 9, 0, 2, '20220000002', '2022-08-02 20:50:30');
INSERT INTO `dajuanitem` VALUES (366, NULL, 10, 0, 5, 0, 2, '20220000002', '2022-08-02 20:50:30');
INSERT INTO `dajuanitem` VALUES (367, NULL, 10, 0, 25, 0, 2, '20220000002', '2022-08-02 20:50:30');
INSERT INTO `dajuanitem` VALUES (368, NULL, 10, 0, 38, 0, 2, '20220000002', '2022-08-02 20:50:30');
INSERT INTO `dajuanitem` VALUES (369, NULL, 10, 0, 12, 0, 2, '20220000002', '2022-08-02 20:50:30');
INSERT INTO `dajuanitem` VALUES (370, NULL, 10, 0, 6, 0, 2, '20220000002', '2022-08-02 20:50:30');
INSERT INTO `dajuanitem` VALUES (371, NULL, 10, 0, 33, 0, 2, '20220000002', '2022-08-02 20:50:30');
INSERT INTO `dajuanitem` VALUES (372, NULL, 10, 0, 15, 0, 2, '20220000002', '2022-08-02 20:50:30');
INSERT INTO `dajuanitem` VALUES (373, NULL, 10, 0, 19, 0, 2, '20220000002', '2022-08-02 20:50:30');
INSERT INTO `dajuanitem` VALUES (374, NULL, 10, 0, 14, 0, 2, '20220000002', '2022-08-02 20:50:30');
INSERT INTO `dajuanitem` VALUES (375, NULL, 10, 0, 6, 1, 2, '20220000002', '2022-08-02 20:50:30');
INSERT INTO `dajuanitem` VALUES (376, NULL, 10, 0, 17, 1, 2, '20220000002', '2022-08-02 20:50:30');
INSERT INTO `dajuanitem` VALUES (377, NULL, 10, 0, 27, 1, 2, '20220000002', '2022-08-02 20:50:30');
INSERT INTO `dajuanitem` VALUES (378, NULL, 10, 0, 16, 1, 2, '20220000002', '2022-08-02 20:50:30');
INSERT INTO `dajuanitem` VALUES (379, NULL, 10, 0, 23, 1, 2, '20220000002', '2022-08-02 20:50:30');
INSERT INTO `dajuanitem` VALUES (380, NULL, 10, 0, 30, 1, 2, '20220000002', '2022-08-02 20:50:30');
INSERT INTO `dajuanitem` VALUES (381, NULL, 10, 0, 46, 1, 2, '20220000002', '2022-08-02 20:50:30');
INSERT INTO `dajuanitem` VALUES (382, NULL, 10, 0, 35, 1, 2, '20220000002', '2022-08-02 20:50:30');
INSERT INTO `dajuanitem` VALUES (383, NULL, 10, 0, 21, 1, 2, '20220000002', '2022-08-02 20:50:30');
INSERT INTO `dajuanitem` VALUES (384, NULL, 10, 0, 41, 1, 2, '20220000002', '2022-08-02 20:50:30');
INSERT INTO `dajuanitem` VALUES (385, NULL, 10, 0, 10, 2, 3, '20220000002', '2022-08-02 20:50:30');
INSERT INTO `dajuanitem` VALUES (386, NULL, 10, 0, 7, 2, 3, '20220000002', '2022-08-02 20:50:30');
INSERT INTO `dajuanitem` VALUES (387, NULL, 10, 0, 2, 2, 3, '20220000002', '2022-08-02 20:50:30');
INSERT INTO `dajuanitem` VALUES (388, NULL, 10, 0, 1, 2, 3, '20220000002', '2022-08-02 20:50:30');
INSERT INTO `dajuanitem` VALUES (389, NULL, 10, 0, 9, 2, 3, '20220000002', '2022-08-02 20:50:30');
INSERT INTO `dajuanitem` VALUES (390, NULL, 10, 0, 8, 2, 3, '20220000002', '2022-08-02 20:50:30');
INSERT INTO `dajuanitem` VALUES (391, NULL, 10, 0, 11, 2, 3, '20220000002', '2022-08-02 20:50:30');
INSERT INTO `dajuanitem` VALUES (392, NULL, 10, 0, 6, 2, 3, '20220000002', '2022-08-02 20:50:30');
INSERT INTO `dajuanitem` VALUES (393, NULL, 10, 0, 3, 2, 3, '20220000002', '2022-08-02 20:50:30');
INSERT INTO `dajuanitem` VALUES (394, NULL, 10, 0, 12, 2, 3, '20220000002', '2022-08-02 20:50:30');
INSERT INTO `dajuanitem` VALUES (395, NULL, 10, 0, 11, 3, 10, '20220000002', '2022-08-02 20:50:30');
INSERT INTO `dajuanitem` VALUES (396, NULL, 10, 0, 18, 3, 10, '20220000002', '2022-08-02 20:50:30');
INSERT INTO `dajuanitem` VALUES (397, NULL, 10, 0, 22, 3, 10, '20220000002', '2022-08-02 20:50:30');
INSERT INTO `dajuanitem` VALUES (398, NULL, 10, 0, 9, 0, 2, '20220000002', '2022-08-02 20:50:59');
INSERT INTO `dajuanitem` VALUES (399, NULL, 10, 0, 5, 0, 2, '20220000002', '2022-08-02 20:50:59');
INSERT INTO `dajuanitem` VALUES (400, NULL, 10, 0, 25, 0, 2, '20220000002', '2022-08-02 20:50:59');
INSERT INTO `dajuanitem` VALUES (401, NULL, 10, 0, 38, 0, 2, '20220000002', '2022-08-02 20:50:59');
INSERT INTO `dajuanitem` VALUES (402, NULL, 10, 0, 12, 0, 2, '20220000002', '2022-08-02 20:50:59');
INSERT INTO `dajuanitem` VALUES (403, NULL, 10, 0, 6, 0, 2, '20220000002', '2022-08-02 20:50:59');
INSERT INTO `dajuanitem` VALUES (404, NULL, 10, 0, 33, 0, 2, '20220000002', '2022-08-02 20:50:59');
INSERT INTO `dajuanitem` VALUES (405, NULL, 10, 0, 15, 0, 2, '20220000002', '2022-08-02 20:50:59');
INSERT INTO `dajuanitem` VALUES (406, NULL, 10, 0, 19, 0, 2, '20220000002', '2022-08-02 20:50:59');
INSERT INTO `dajuanitem` VALUES (407, NULL, 10, 0, 14, 0, 2, '20220000002', '2022-08-02 20:50:59');
INSERT INTO `dajuanitem` VALUES (408, NULL, 10, 0, 6, 1, 2, '20220000002', '2022-08-02 20:50:59');
INSERT INTO `dajuanitem` VALUES (409, NULL, 10, 0, 17, 1, 2, '20220000002', '2022-08-02 20:50:59');
INSERT INTO `dajuanitem` VALUES (410, NULL, 10, 0, 27, 1, 2, '20220000002', '2022-08-02 20:50:59');
INSERT INTO `dajuanitem` VALUES (411, NULL, 10, 0, 16, 1, 2, '20220000002', '2022-08-02 20:50:59');
INSERT INTO `dajuanitem` VALUES (412, NULL, 10, 0, 23, 1, 2, '20220000002', '2022-08-02 20:50:59');
INSERT INTO `dajuanitem` VALUES (413, NULL, 10, 0, 30, 1, 2, '20220000002', '2022-08-02 20:50:59');
INSERT INTO `dajuanitem` VALUES (414, NULL, 10, 0, 46, 1, 2, '20220000002', '2022-08-02 20:50:59');
INSERT INTO `dajuanitem` VALUES (415, NULL, 10, 0, 35, 1, 2, '20220000002', '2022-08-02 20:50:59');
INSERT INTO `dajuanitem` VALUES (416, NULL, 10, 0, 21, 1, 2, '20220000002', '2022-08-02 20:50:59');
INSERT INTO `dajuanitem` VALUES (417, NULL, 10, 0, 41, 1, 2, '20220000002', '2022-08-02 20:50:59');
INSERT INTO `dajuanitem` VALUES (418, NULL, 10, 0, 10, 2, 3, '20220000002', '2022-08-02 20:50:59');
INSERT INTO `dajuanitem` VALUES (419, NULL, 10, 0, 7, 2, 3, '20220000002', '2022-08-02 20:50:59');
INSERT INTO `dajuanitem` VALUES (420, NULL, 10, 0, 2, 2, 3, '20220000002', '2022-08-02 20:50:59');
INSERT INTO `dajuanitem` VALUES (421, NULL, 10, 0, 1, 2, 3, '20220000002', '2022-08-02 20:50:59');
INSERT INTO `dajuanitem` VALUES (422, NULL, 10, 0, 9, 2, 3, '20220000002', '2022-08-02 20:50:59');
INSERT INTO `dajuanitem` VALUES (423, NULL, 10, 0, 8, 2, 3, '20220000002', '2022-08-02 20:50:59');
INSERT INTO `dajuanitem` VALUES (424, NULL, 10, 0, 11, 2, 3, '20220000002', '2022-08-02 20:50:59');
INSERT INTO `dajuanitem` VALUES (425, NULL, 10, 0, 6, 2, 3, '20220000002', '2022-08-02 20:50:59');
INSERT INTO `dajuanitem` VALUES (426, NULL, 10, 0, 3, 2, 3, '20220000002', '2022-08-02 20:50:59');
INSERT INTO `dajuanitem` VALUES (427, NULL, 10, 0, 12, 2, 3, '20220000002', '2022-08-02 20:50:59');
INSERT INTO `dajuanitem` VALUES (428, NULL, 10, 0, 11, 3, 10, '20220000002', '2022-08-02 20:50:59');
INSERT INTO `dajuanitem` VALUES (429, NULL, 10, 0, 18, 3, 10, '20220000002', '2022-08-02 20:50:59');
INSERT INTO `dajuanitem` VALUES (430, NULL, 10, 0, 22, 3, 10, '20220000002', '2022-08-02 20:50:59');
INSERT INTO `dajuanitem` VALUES (431, NULL, 10, 0, 9, 0, 2, '20220000002', '2022-08-02 20:53:21');
INSERT INTO `dajuanitem` VALUES (432, NULL, 10, 0, 5, 0, 2, '20220000002', '2022-08-02 20:53:21');
INSERT INTO `dajuanitem` VALUES (433, NULL, 10, 0, 25, 0, 2, '20220000002', '2022-08-02 20:53:21');
INSERT INTO `dajuanitem` VALUES (434, NULL, 10, 0, 38, 0, 2, '20220000002', '2022-08-02 20:53:21');
INSERT INTO `dajuanitem` VALUES (435, NULL, 10, 0, 12, 0, 2, '20220000002', '2022-08-02 20:53:21');
INSERT INTO `dajuanitem` VALUES (436, NULL, 10, 0, 6, 0, 2, '20220000002', '2022-08-02 20:53:21');
INSERT INTO `dajuanitem` VALUES (437, NULL, 10, 0, 33, 0, 2, '20220000002', '2022-08-02 20:53:21');
INSERT INTO `dajuanitem` VALUES (438, NULL, 10, 0, 15, 0, 2, '20220000002', '2022-08-02 20:53:21');
INSERT INTO `dajuanitem` VALUES (439, NULL, 10, 0, 19, 0, 2, '20220000002', '2022-08-02 20:53:21');
INSERT INTO `dajuanitem` VALUES (440, NULL, 10, 0, 14, 0, 2, '20220000002', '2022-08-02 20:53:21');
INSERT INTO `dajuanitem` VALUES (441, NULL, 10, 0, 6, 1, 2, '20220000002', '2022-08-02 20:53:21');
INSERT INTO `dajuanitem` VALUES (442, NULL, 10, 0, 17, 1, 2, '20220000002', '2022-08-02 20:53:21');
INSERT INTO `dajuanitem` VALUES (443, NULL, 10, 0, 27, 1, 2, '20220000002', '2022-08-02 20:53:21');
INSERT INTO `dajuanitem` VALUES (444, NULL, 10, 0, 16, 1, 2, '20220000002', '2022-08-02 20:53:21');
INSERT INTO `dajuanitem` VALUES (445, NULL, 10, 0, 23, 1, 2, '20220000002', '2022-08-02 20:53:21');
INSERT INTO `dajuanitem` VALUES (446, NULL, 10, 0, 30, 1, 2, '20220000002', '2022-08-02 20:53:21');
INSERT INTO `dajuanitem` VALUES (447, NULL, 10, 0, 46, 1, 2, '20220000002', '2022-08-02 20:53:21');
INSERT INTO `dajuanitem` VALUES (448, NULL, 10, 0, 35, 1, 2, '20220000002', '2022-08-02 20:53:21');
INSERT INTO `dajuanitem` VALUES (449, NULL, 10, 0, 21, 1, 2, '20220000002', '2022-08-02 20:53:21');
INSERT INTO `dajuanitem` VALUES (450, NULL, 10, 0, 41, 1, 2, '20220000002', '2022-08-02 20:53:21');
INSERT INTO `dajuanitem` VALUES (451, NULL, 10, 0, 10, 2, 3, '20220000002', '2022-08-02 20:53:21');
INSERT INTO `dajuanitem` VALUES (452, NULL, 10, 0, 7, 2, 3, '20220000002', '2022-08-02 20:53:21');
INSERT INTO `dajuanitem` VALUES (453, NULL, 10, 0, 2, 2, 3, '20220000002', '2022-08-02 20:53:21');
INSERT INTO `dajuanitem` VALUES (454, NULL, 10, 0, 1, 2, 3, '20220000002', '2022-08-02 20:53:21');
INSERT INTO `dajuanitem` VALUES (455, NULL, 10, 0, 9, 2, 3, '20220000002', '2022-08-02 20:53:21');
INSERT INTO `dajuanitem` VALUES (456, NULL, 10, 0, 8, 2, 3, '20220000002', '2022-08-02 20:53:21');
INSERT INTO `dajuanitem` VALUES (457, NULL, 10, 0, 11, 2, 3, '20220000002', '2022-08-02 20:53:21');
INSERT INTO `dajuanitem` VALUES (458, NULL, 10, 0, 6, 2, 3, '20220000002', '2022-08-02 20:53:21');
INSERT INTO `dajuanitem` VALUES (459, NULL, 10, 0, 3, 2, 3, '20220000002', '2022-08-02 20:53:21');
INSERT INTO `dajuanitem` VALUES (460, NULL, 10, 0, 12, 2, 3, '20220000002', '2022-08-02 20:53:21');
INSERT INTO `dajuanitem` VALUES (461, NULL, 10, 0, 11, 3, 10, '20220000002', '2022-08-02 20:53:21');
INSERT INTO `dajuanitem` VALUES (462, NULL, 10, 0, 18, 3, 10, '20220000002', '2022-08-02 20:53:21');
INSERT INTO `dajuanitem` VALUES (463, NULL, 10, 0, 22, 3, 10, '20220000002', '2022-08-02 20:53:21');
INSERT INTO `dajuanitem` VALUES (464, NULL, 10, 0, 9, 0, 2, '20220000002', '2022-08-02 20:54:34');
INSERT INTO `dajuanitem` VALUES (465, NULL, 10, 0, 5, 0, 2, '20220000002', '2022-08-02 20:54:34');
INSERT INTO `dajuanitem` VALUES (466, NULL, 10, 0, 25, 0, 2, '20220000002', '2022-08-02 20:54:34');
INSERT INTO `dajuanitem` VALUES (467, NULL, 10, 0, 38, 0, 2, '20220000002', '2022-08-02 20:54:34');
INSERT INTO `dajuanitem` VALUES (468, NULL, 10, 0, 12, 0, 2, '20220000002', '2022-08-02 20:54:34');
INSERT INTO `dajuanitem` VALUES (469, NULL, 10, 0, 6, 0, 2, '20220000002', '2022-08-02 20:54:34');
INSERT INTO `dajuanitem` VALUES (470, NULL, 10, 0, 33, 0, 2, '20220000002', '2022-08-02 20:54:34');
INSERT INTO `dajuanitem` VALUES (471, NULL, 10, 0, 15, 0, 2, '20220000002', '2022-08-02 20:54:34');
INSERT INTO `dajuanitem` VALUES (472, NULL, 10, 0, 19, 0, 2, '20220000002', '2022-08-02 20:54:34');
INSERT INTO `dajuanitem` VALUES (473, NULL, 10, 0, 14, 0, 2, '20220000002', '2022-08-02 20:54:34');
INSERT INTO `dajuanitem` VALUES (474, NULL, 10, 0, 6, 1, 2, '20220000002', '2022-08-02 20:54:34');
INSERT INTO `dajuanitem` VALUES (475, NULL, 10, 0, 17, 1, 2, '20220000002', '2022-08-02 20:54:34');
INSERT INTO `dajuanitem` VALUES (476, NULL, 10, 0, 27, 1, 2, '20220000002', '2022-08-02 20:54:34');
INSERT INTO `dajuanitem` VALUES (477, NULL, 10, 0, 16, 1, 2, '20220000002', '2022-08-02 20:54:34');
INSERT INTO `dajuanitem` VALUES (478, NULL, 10, 0, 23, 1, 2, '20220000002', '2022-08-02 20:54:34');
INSERT INTO `dajuanitem` VALUES (479, NULL, 10, 0, 30, 1, 2, '20220000002', '2022-08-02 20:54:34');
INSERT INTO `dajuanitem` VALUES (480, NULL, 10, 0, 46, 1, 2, '20220000002', '2022-08-02 20:54:34');
INSERT INTO `dajuanitem` VALUES (481, NULL, 10, 0, 35, 1, 2, '20220000002', '2022-08-02 20:54:34');
INSERT INTO `dajuanitem` VALUES (482, NULL, 10, 0, 21, 1, 2, '20220000002', '2022-08-02 20:54:34');
INSERT INTO `dajuanitem` VALUES (483, NULL, 10, 0, 41, 1, 2, '20220000002', '2022-08-02 20:54:34');
INSERT INTO `dajuanitem` VALUES (484, NULL, 10, 0, 10, 2, 3, '20220000002', '2022-08-02 20:54:34');
INSERT INTO `dajuanitem` VALUES (485, NULL, 10, 0, 7, 2, 3, '20220000002', '2022-08-02 20:54:34');
INSERT INTO `dajuanitem` VALUES (486, NULL, 10, 0, 2, 2, 3, '20220000002', '2022-08-02 20:54:34');
INSERT INTO `dajuanitem` VALUES (487, NULL, 10, 0, 1, 2, 3, '20220000002', '2022-08-02 20:54:34');
INSERT INTO `dajuanitem` VALUES (488, NULL, 10, 0, 9, 2, 3, '20220000002', '2022-08-02 20:54:34');
INSERT INTO `dajuanitem` VALUES (489, NULL, 10, 0, 8, 2, 3, '20220000002', '2022-08-02 20:54:34');
INSERT INTO `dajuanitem` VALUES (490, NULL, 10, 0, 11, 2, 3, '20220000002', '2022-08-02 20:54:34');
INSERT INTO `dajuanitem` VALUES (491, NULL, 10, 0, 6, 2, 3, '20220000002', '2022-08-02 20:54:34');
INSERT INTO `dajuanitem` VALUES (492, NULL, 10, 0, 3, 2, 3, '20220000002', '2022-08-02 20:54:34');
INSERT INTO `dajuanitem` VALUES (493, NULL, 10, 0, 12, 2, 3, '20220000002', '2022-08-02 20:54:34');
INSERT INTO `dajuanitem` VALUES (494, NULL, 10, 0, 11, 3, 10, '20220000002', '2022-08-02 20:54:34');
INSERT INTO `dajuanitem` VALUES (495, NULL, 10, 0, 18, 3, 10, '20220000002', '2022-08-02 20:54:34');
INSERT INTO `dajuanitem` VALUES (496, NULL, 10, 0, 22, 3, 10, '20220000002', '2022-08-02 20:54:34');
INSERT INTO `dajuanitem` VALUES (497, NULL, 10, 0, 9, 0, 2, '20220000002', '2022-08-02 20:55:49');
INSERT INTO `dajuanitem` VALUES (498, NULL, 10, 0, 5, 0, 2, '20220000002', '2022-08-02 20:55:49');
INSERT INTO `dajuanitem` VALUES (499, NULL, 10, 0, 25, 0, 2, '20220000002', '2022-08-02 20:55:49');
INSERT INTO `dajuanitem` VALUES (500, NULL, 10, 0, 38, 0, 2, '20220000002', '2022-08-02 20:55:49');
INSERT INTO `dajuanitem` VALUES (501, NULL, 10, 0, 12, 0, 2, '20220000002', '2022-08-02 20:55:49');
INSERT INTO `dajuanitem` VALUES (502, NULL, 10, 0, 6, 0, 2, '20220000002', '2022-08-02 20:55:49');
INSERT INTO `dajuanitem` VALUES (503, NULL, 10, 0, 33, 0, 2, '20220000002', '2022-08-02 20:55:49');
INSERT INTO `dajuanitem` VALUES (504, NULL, 10, 0, 15, 0, 2, '20220000002', '2022-08-02 20:55:49');
INSERT INTO `dajuanitem` VALUES (505, NULL, 10, 0, 19, 0, 2, '20220000002', '2022-08-02 20:55:49');
INSERT INTO `dajuanitem` VALUES (506, NULL, 10, 0, 14, 0, 2, '20220000002', '2022-08-02 20:55:49');
INSERT INTO `dajuanitem` VALUES (507, NULL, 10, 0, 6, 1, 2, '20220000002', '2022-08-02 20:55:49');
INSERT INTO `dajuanitem` VALUES (508, NULL, 10, 0, 17, 1, 2, '20220000002', '2022-08-02 20:55:49');
INSERT INTO `dajuanitem` VALUES (509, NULL, 10, 0, 27, 1, 2, '20220000002', '2022-08-02 20:55:49');
INSERT INTO `dajuanitem` VALUES (510, NULL, 10, 0, 16, 1, 2, '20220000002', '2022-08-02 20:55:49');
INSERT INTO `dajuanitem` VALUES (511, NULL, 10, 0, 23, 1, 2, '20220000002', '2022-08-02 20:55:49');
INSERT INTO `dajuanitem` VALUES (512, NULL, 10, 0, 30, 1, 2, '20220000002', '2022-08-02 20:55:49');
INSERT INTO `dajuanitem` VALUES (513, NULL, 10, 0, 46, 1, 2, '20220000002', '2022-08-02 20:55:49');
INSERT INTO `dajuanitem` VALUES (514, NULL, 10, 0, 35, 1, 2, '20220000002', '2022-08-02 20:55:49');
INSERT INTO `dajuanitem` VALUES (515, NULL, 10, 0, 21, 1, 2, '20220000002', '2022-08-02 20:55:49');
INSERT INTO `dajuanitem` VALUES (516, NULL, 10, 0, 41, 1, 2, '20220000002', '2022-08-02 20:55:49');
INSERT INTO `dajuanitem` VALUES (517, NULL, 10, 0, 10, 2, 3, '20220000002', '2022-08-02 20:55:49');
INSERT INTO `dajuanitem` VALUES (518, NULL, 10, 0, 7, 2, 3, '20220000002', '2022-08-02 20:55:49');
INSERT INTO `dajuanitem` VALUES (519, NULL, 10, 0, 2, 2, 3, '20220000002', '2022-08-02 20:55:49');
INSERT INTO `dajuanitem` VALUES (520, NULL, 10, 0, 1, 2, 3, '20220000002', '2022-08-02 20:55:49');
INSERT INTO `dajuanitem` VALUES (521, NULL, 10, 0, 9, 2, 3, '20220000002', '2022-08-02 20:55:49');
INSERT INTO `dajuanitem` VALUES (522, NULL, 10, 0, 8, 2, 3, '20220000002', '2022-08-02 20:55:49');
INSERT INTO `dajuanitem` VALUES (523, NULL, 10, 0, 11, 2, 3, '20220000002', '2022-08-02 20:55:49');
INSERT INTO `dajuanitem` VALUES (524, NULL, 10, 0, 6, 2, 3, '20220000002', '2022-08-02 20:55:49');
INSERT INTO `dajuanitem` VALUES (525, NULL, 10, 0, 3, 2, 3, '20220000002', '2022-08-02 20:55:49');
INSERT INTO `dajuanitem` VALUES (526, NULL, 10, 0, 12, 2, 3, '20220000002', '2022-08-02 20:55:49');
INSERT INTO `dajuanitem` VALUES (527, NULL, 10, 0, 11, 3, 10, '20220000002', '2022-08-02 20:55:49');
INSERT INTO `dajuanitem` VALUES (528, NULL, 10, 0, 18, 3, 10, '20220000002', '2022-08-02 20:55:49');
INSERT INTO `dajuanitem` VALUES (529, NULL, 10, 0, 22, 3, 10, '20220000002', '2022-08-02 20:55:49');
INSERT INTO `dajuanitem` VALUES (530, NULL, 10, 0, 9, 0, 2, '20220000002', '2022-08-02 20:56:23');
INSERT INTO `dajuanitem` VALUES (531, NULL, 10, 0, 5, 0, 2, '20220000002', '2022-08-02 20:56:23');
INSERT INTO `dajuanitem` VALUES (532, NULL, 10, 0, 25, 0, 2, '20220000002', '2022-08-02 20:56:23');
INSERT INTO `dajuanitem` VALUES (533, NULL, 10, 0, 38, 0, 2, '20220000002', '2022-08-02 20:56:23');
INSERT INTO `dajuanitem` VALUES (534, NULL, 10, 0, 12, 0, 2, '20220000002', '2022-08-02 20:56:23');
INSERT INTO `dajuanitem` VALUES (535, NULL, 10, 0, 6, 0, 2, '20220000002', '2022-08-02 20:56:23');
INSERT INTO `dajuanitem` VALUES (536, NULL, 10, 0, 33, 0, 2, '20220000002', '2022-08-02 20:56:23');
INSERT INTO `dajuanitem` VALUES (537, NULL, 10, 0, 15, 0, 2, '20220000002', '2022-08-02 20:56:23');
INSERT INTO `dajuanitem` VALUES (538, NULL, 10, 0, 19, 0, 2, '20220000002', '2022-08-02 20:56:23');
INSERT INTO `dajuanitem` VALUES (539, NULL, 10, 0, 14, 0, 2, '20220000002', '2022-08-02 20:56:23');
INSERT INTO `dajuanitem` VALUES (540, NULL, 10, 0, 6, 1, 2, '20220000002', '2022-08-02 20:56:23');
INSERT INTO `dajuanitem` VALUES (541, NULL, 10, 0, 17, 1, 2, '20220000002', '2022-08-02 20:56:23');
INSERT INTO `dajuanitem` VALUES (542, NULL, 10, 0, 27, 1, 2, '20220000002', '2022-08-02 20:56:23');
INSERT INTO `dajuanitem` VALUES (543, NULL, 10, 0, 16, 1, 2, '20220000002', '2022-08-02 20:56:23');
INSERT INTO `dajuanitem` VALUES (544, NULL, 10, 0, 23, 1, 2, '20220000002', '2022-08-02 20:56:23');
INSERT INTO `dajuanitem` VALUES (545, NULL, 10, 0, 30, 1, 2, '20220000002', '2022-08-02 20:56:23');
INSERT INTO `dajuanitem` VALUES (546, NULL, 10, 0, 46, 1, 2, '20220000002', '2022-08-02 20:56:23');
INSERT INTO `dajuanitem` VALUES (547, NULL, 10, 0, 35, 1, 2, '20220000002', '2022-08-02 20:56:23');
INSERT INTO `dajuanitem` VALUES (548, NULL, 10, 0, 21, 1, 2, '20220000002', '2022-08-02 20:56:23');
INSERT INTO `dajuanitem` VALUES (549, NULL, 10, 0, 41, 1, 2, '20220000002', '2022-08-02 20:56:23');
INSERT INTO `dajuanitem` VALUES (550, NULL, 10, 0, 10, 2, 3, '20220000002', '2022-08-02 20:56:23');
INSERT INTO `dajuanitem` VALUES (551, NULL, 10, 0, 7, 2, 3, '20220000002', '2022-08-02 20:56:23');
INSERT INTO `dajuanitem` VALUES (552, NULL, 10, 0, 2, 2, 3, '20220000002', '2022-08-02 20:56:23');
INSERT INTO `dajuanitem` VALUES (553, NULL, 10, 0, 1, 2, 3, '20220000002', '2022-08-02 20:56:23');
INSERT INTO `dajuanitem` VALUES (554, NULL, 10, 0, 9, 2, 3, '20220000002', '2022-08-02 20:56:23');
INSERT INTO `dajuanitem` VALUES (555, NULL, 10, 0, 8, 2, 3, '20220000002', '2022-08-02 20:56:23');
INSERT INTO `dajuanitem` VALUES (556, NULL, 10, 0, 11, 2, 3, '20220000002', '2022-08-02 20:56:23');
INSERT INTO `dajuanitem` VALUES (557, NULL, 10, 0, 6, 2, 3, '20220000002', '2022-08-02 20:56:23');
INSERT INTO `dajuanitem` VALUES (558, NULL, 10, 0, 3, 2, 3, '20220000002', '2022-08-02 20:56:23');
INSERT INTO `dajuanitem` VALUES (559, NULL, 10, 0, 12, 2, 3, '20220000002', '2022-08-02 20:56:23');
INSERT INTO `dajuanitem` VALUES (560, NULL, 10, 0, 11, 3, 10, '20220000002', '2022-08-02 20:56:23');
INSERT INTO `dajuanitem` VALUES (561, NULL, 10, 0, 18, 3, 10, '20220000002', '2022-08-02 20:56:23');
INSERT INTO `dajuanitem` VALUES (562, NULL, 10, 0, 22, 3, 10, '20220000002', '2022-08-02 20:56:23');
INSERT INTO `dajuanitem` VALUES (563, NULL, 10, 0, 9, 0, 2, '20220000002', '2022-08-02 20:58:47');
INSERT INTO `dajuanitem` VALUES (564, NULL, 10, 0, 5, 0, 2, '20220000002', '2022-08-02 20:58:47');
INSERT INTO `dajuanitem` VALUES (565, NULL, 10, 0, 25, 0, 2, '20220000002', '2022-08-02 20:58:47');
INSERT INTO `dajuanitem` VALUES (566, NULL, 10, 0, 38, 0, 2, '20220000002', '2022-08-02 20:58:47');
INSERT INTO `dajuanitem` VALUES (567, NULL, 10, 0, 12, 0, 2, '20220000002', '2022-08-02 20:58:47');
INSERT INTO `dajuanitem` VALUES (568, NULL, 10, 0, 6, 0, 2, '20220000002', '2022-08-02 20:58:47');
INSERT INTO `dajuanitem` VALUES (569, NULL, 10, 0, 33, 0, 2, '20220000002', '2022-08-02 20:58:47');
INSERT INTO `dajuanitem` VALUES (570, NULL, 10, 0, 15, 0, 2, '20220000002', '2022-08-02 20:58:47');
INSERT INTO `dajuanitem` VALUES (571, NULL, 10, 0, 19, 0, 2, '20220000002', '2022-08-02 20:58:47');
INSERT INTO `dajuanitem` VALUES (572, NULL, 10, 0, 14, 0, 2, '20220000002', '2022-08-02 20:58:47');
INSERT INTO `dajuanitem` VALUES (573, NULL, 10, 0, 6, 1, 2, '20220000002', '2022-08-02 20:58:47');
INSERT INTO `dajuanitem` VALUES (574, NULL, 10, 0, 17, 1, 2, '20220000002', '2022-08-02 20:58:47');
INSERT INTO `dajuanitem` VALUES (575, NULL, 10, 0, 27, 1, 2, '20220000002', '2022-08-02 20:58:47');
INSERT INTO `dajuanitem` VALUES (576, NULL, 10, 0, 16, 1, 2, '20220000002', '2022-08-02 20:58:47');
INSERT INTO `dajuanitem` VALUES (577, NULL, 10, 0, 23, 1, 2, '20220000002', '2022-08-02 20:58:47');
INSERT INTO `dajuanitem` VALUES (578, NULL, 10, 0, 30, 1, 2, '20220000002', '2022-08-02 20:58:47');
INSERT INTO `dajuanitem` VALUES (579, NULL, 10, 0, 46, 1, 2, '20220000002', '2022-08-02 20:58:47');
INSERT INTO `dajuanitem` VALUES (580, NULL, 10, 0, 35, 1, 2, '20220000002', '2022-08-02 20:58:47');
INSERT INTO `dajuanitem` VALUES (581, NULL, 10, 0, 21, 1, 2, '20220000002', '2022-08-02 20:58:47');
INSERT INTO `dajuanitem` VALUES (582, NULL, 10, 0, 41, 1, 2, '20220000002', '2022-08-02 20:58:47');
INSERT INTO `dajuanitem` VALUES (583, NULL, 10, 0, 10, 2, 3, '20220000002', '2022-08-02 20:58:47');
INSERT INTO `dajuanitem` VALUES (584, NULL, 10, 0, 7, 2, 3, '20220000002', '2022-08-02 20:58:47');
INSERT INTO `dajuanitem` VALUES (585, NULL, 10, 0, 2, 2, 3, '20220000002', '2022-08-02 20:58:47');
INSERT INTO `dajuanitem` VALUES (586, NULL, 10, 0, 1, 2, 3, '20220000002', '2022-08-02 20:58:47');
INSERT INTO `dajuanitem` VALUES (587, NULL, 10, 0, 9, 2, 3, '20220000002', '2022-08-02 20:58:47');
INSERT INTO `dajuanitem` VALUES (588, NULL, 10, 0, 8, 2, 3, '20220000002', '2022-08-02 20:58:47');
INSERT INTO `dajuanitem` VALUES (589, NULL, 10, 0, 11, 2, 3, '20220000002', '2022-08-02 20:58:47');
INSERT INTO `dajuanitem` VALUES (590, NULL, 10, 0, 6, 2, 3, '20220000002', '2022-08-02 20:58:47');
INSERT INTO `dajuanitem` VALUES (591, NULL, 10, 0, 3, 2, 3, '20220000002', '2022-08-02 20:58:47');
INSERT INTO `dajuanitem` VALUES (592, NULL, 10, 0, 12, 2, 3, '20220000002', '2022-08-02 20:58:47');
INSERT INTO `dajuanitem` VALUES (593, NULL, 10, 0, 11, 3, 10, '20220000002', '2022-08-02 20:58:47');
INSERT INTO `dajuanitem` VALUES (594, NULL, 10, 0, 18, 3, 10, '20220000002', '2022-08-02 20:58:47');
INSERT INTO `dajuanitem` VALUES (595, NULL, 10, 0, 22, 3, 10, '20220000002', '2022-08-02 20:58:47');
INSERT INTO `dajuanitem` VALUES (596, NULL, 10, 0, 9, 0, 2, '20220000002', '2022-08-02 20:59:57');
INSERT INTO `dajuanitem` VALUES (597, NULL, 10, 0, 5, 0, 2, '20220000002', '2022-08-02 20:59:57');
INSERT INTO `dajuanitem` VALUES (598, NULL, 10, 0, 25, 0, 2, '20220000002', '2022-08-02 20:59:57');
INSERT INTO `dajuanitem` VALUES (599, NULL, 10, 0, 38, 0, 2, '20220000002', '2022-08-02 20:59:57');
INSERT INTO `dajuanitem` VALUES (600, NULL, 10, 0, 12, 0, 2, '20220000002', '2022-08-02 20:59:57');
INSERT INTO `dajuanitem` VALUES (601, NULL, 10, 0, 6, 0, 2, '20220000002', '2022-08-02 20:59:57');
INSERT INTO `dajuanitem` VALUES (602, NULL, 10, 0, 33, 0, 2, '20220000002', '2022-08-02 20:59:57');
INSERT INTO `dajuanitem` VALUES (603, NULL, 10, 0, 15, 0, 2, '20220000002', '2022-08-02 20:59:57');
INSERT INTO `dajuanitem` VALUES (604, NULL, 10, 0, 19, 0, 2, '20220000002', '2022-08-02 20:59:57');
INSERT INTO `dajuanitem` VALUES (605, NULL, 10, 0, 14, 0, 2, '20220000002', '2022-08-02 20:59:57');
INSERT INTO `dajuanitem` VALUES (606, NULL, 10, 0, 6, 1, 2, '20220000002', '2022-08-02 20:59:57');
INSERT INTO `dajuanitem` VALUES (607, NULL, 10, 0, 17, 1, 2, '20220000002', '2022-08-02 20:59:57');
INSERT INTO `dajuanitem` VALUES (608, NULL, 10, 0, 27, 1, 2, '20220000002', '2022-08-02 20:59:57');
INSERT INTO `dajuanitem` VALUES (609, NULL, 10, 0, 16, 1, 2, '20220000002', '2022-08-02 20:59:57');
INSERT INTO `dajuanitem` VALUES (610, NULL, 10, 0, 23, 1, 2, '20220000002', '2022-08-02 20:59:57');
INSERT INTO `dajuanitem` VALUES (611, NULL, 10, 0, 30, 1, 2, '20220000002', '2022-08-02 20:59:57');
INSERT INTO `dajuanitem` VALUES (612, NULL, 10, 0, 46, 1, 2, '20220000002', '2022-08-02 20:59:57');
INSERT INTO `dajuanitem` VALUES (613, NULL, 10, 0, 35, 1, 2, '20220000002', '2022-08-02 20:59:57');
INSERT INTO `dajuanitem` VALUES (614, NULL, 10, 0, 21, 1, 2, '20220000002', '2022-08-02 20:59:57');
INSERT INTO `dajuanitem` VALUES (615, NULL, 10, 0, 41, 1, 2, '20220000002', '2022-08-02 20:59:57');
INSERT INTO `dajuanitem` VALUES (616, NULL, 10, 0, 10, 2, 3, '20220000002', '2022-08-02 20:59:57');
INSERT INTO `dajuanitem` VALUES (617, NULL, 10, 0, 7, 2, 3, '20220000002', '2022-08-02 20:59:57');
INSERT INTO `dajuanitem` VALUES (618, NULL, 10, 0, 2, 2, 3, '20220000002', '2022-08-02 20:59:57');
INSERT INTO `dajuanitem` VALUES (619, NULL, 10, 0, 1, 2, 3, '20220000002', '2022-08-02 20:59:57');
INSERT INTO `dajuanitem` VALUES (620, NULL, 10, 0, 9, 2, 3, '20220000002', '2022-08-02 20:59:57');
INSERT INTO `dajuanitem` VALUES (621, NULL, 10, 0, 8, 2, 3, '20220000002', '2022-08-02 20:59:57');
INSERT INTO `dajuanitem` VALUES (622, NULL, 10, 0, 11, 2, 3, '20220000002', '2022-08-02 20:59:57');
INSERT INTO `dajuanitem` VALUES (623, NULL, 10, 0, 6, 2, 3, '20220000002', '2022-08-02 20:59:57');
INSERT INTO `dajuanitem` VALUES (624, NULL, 10, 0, 3, 2, 3, '20220000002', '2022-08-02 20:59:57');
INSERT INTO `dajuanitem` VALUES (625, NULL, 10, 0, 12, 2, 3, '20220000002', '2022-08-02 20:59:57');
INSERT INTO `dajuanitem` VALUES (626, NULL, 10, 0, 11, 3, 10, '20220000002', '2022-08-02 20:59:57');
INSERT INTO `dajuanitem` VALUES (627, NULL, 10, 0, 18, 3, 10, '20220000002', '2022-08-02 20:59:57');
INSERT INTO `dajuanitem` VALUES (628, NULL, 10, 0, 22, 3, 10, '20220000002', '2022-08-02 20:59:57');

-- ----------------------------
-- Table structure for examlog
-- ----------------------------
DROP TABLE IF EXISTS `examlog`;
CREATE TABLE `examlog`  (
  `id` int(11) NOT NULL AUTO_INCREMENT,
  `submittime` timestamp(0) NULL DEFAULT CURRENT_TIMESTAMP(0) ON UPDATE CURRENT_TIMESTAMP(0) COMMENT '提交时间',
  `sjid` int(11) NULL DEFAULT NULL,
  `stno` varchar(255) CHARACTER SET utf8 COLLATE utf8_general_ci NOT NULL,
  `kmid` int(11) NULL DEFAULT NULL,
  PRIMARY KEY (`id`) USING BTREE,
  INDEX `fk_examlog_1`(`sjid`) USING BTREE,
  INDEX `fk_examlog_2`(`stno`) USING BTREE,
  CONSTRAINT `fk_examlog_1` FOREIGN KEY (`sjid`) REFERENCES `shijuan` (`id`) ON DELETE CASCADE ON UPDATE RESTRICT,
  CONSTRAINT `fk_examlog_2` FOREIGN KEY (`stno`) REFERENCES `student` (`stno`) ON DELETE CASCADE ON UPDATE RESTRICT
) ENGINE = InnoDB AUTO_INCREMENT = 1 CHARACTER SET = utf8 COLLATE = utf8_general_ci ROW_FORMAT = COMPACT;

-- ----------------------------
-- Records of examlog
-- ----------------------------

-- ----------------------------
-- Table structure for jianda
-- ----------------------------
DROP TABLE IF EXISTS `jianda`;
CREATE TABLE `jianda`  (
  `id` int(11) NOT NULL AUTO_INCREMENT,
  `daan` longtext CHARACTER SET utf8 COLLATE utf8_general_ci NULL,
  `kmid` int(11) NULL DEFAULT NULL,
  `title` longtext CHARACTER SET utf8 COLLATE utf8_general_ci NULL,
  `diffact` double NULL DEFAULT NULL,
  PRIMARY KEY (`id`) USING BTREE
) ENGINE = InnoDB AUTO_INCREMENT = 23 CHARACTER SET = utf8 COLLATE = utf8_general_ci ROW_FORMAT = COMPACT;

-- ----------------------------
-- Records of jianda
-- ----------------------------
INSERT INTO `jianda` VALUES (1, '区别一：内存一般指内存条，插在电脑主板上，外存一般是磁性介质，指硬盘，软盘，光盘，U盘等。\r\n区别二：内存只能暂时存储数据，断电就没有了，外存可以永久性存储\r\n区别三：内存一般都不大，比外存小，而外存却可以很大\r\n区别四：内存存储速度比外存快，而外存相对要慢很多\r\n区别五：CPU只能直接访问内存，外存的东西要先存到内存，CPU才能处理', 9, 'hhhhhh', 0.8);
INSERT INTO `jianda` VALUES (9, '因为super()和this()是调用的父类或本类的无参构造器, 因为Java不允许调用没有初始化的成员. 只有使用了super()或this()来初始化了对象之后, 才能调用该对象并继续进行后续操作. \nSuper()为什么要定义在第一行? 因为子类的构造器中可能会使用父类的属性或方法, 如果父类都没有被创建, 那么就会导致空指针异常, 因此, super()应先执行, 来创建父类的对象. \nThis()为什么要定义在第一行? 因为如果不定义在第一行, 那么当子类创建对象时, 首先会调用父类的无参构造器, 这时候就创建了一个父类的对象. 然后继续执行, 遇到了this()的时候, 就调用该构造器, 而这个构造器又属于是创建子类的对象, 又需要去调用父类的构造器. 也就是说, 造成了资源的浪费, 和同步不一致的问题. \n不能同时出现, 因为它们两个都要求只能出现在第一行. \nSuper()和this()都是调用构造函数进行初始化, 而初始化的动作需要先完成. ', 9, 'super()或者this():为什么一定要定义在第一行？是否可以同时出现？ \n', 0.5);
INSERT INTO `jianda` VALUES (10, '构造方法的作用是在新建一个对象的时候, 调用构造方法来创建对象. \n\n构造方法和普通方法的区别: \n　　1.普通方法必须有返回值类型修饰符, 而构造方法不能有返回值类型修饰符;\n　　2.构造方法名必须和类名相同\n　　3.普通方法用来定义对象的行为, 而构造方法用来初始化', 9, '构造方法的作用是什么？构造方法和普通方法的区别?', 0.5);
INSERT INTO `jianda` VALUES (11, 'Private: 私有的, 本类中\nPublic: 共有的, 任何位置 \nProtected: 受保护的, 本类, 同一个包和子类中可以访问\n缺省的: 同一个包中', 9, '访问修饰符有哪些？各自的作用范围是什么？', 0.5);
INSERT INTO `jianda` VALUES (12, 'Static的作用是把属性和方法定义为静态的, 可以在不创建对象的时候就调用这些属性和方法. 它只需要初始化一次, 可用来定义不经常改变的属性, 或者是对象的计数器. \n用法? 类名.属性 或 类名.方法名() , 即通过类名直接调用.  \n', 9, 'static的作用和用法?', 0.5);
INSERT INTO `jianda` VALUES (13, '不可以. \nStatic的方法内部职能访问static修饰的属性和方法\n因为普通的属性和方法是依赖于对象的, 只有创建了对象之后, 才能通过对象进行访问. 而此时静态方法是没有创建对象的, 因此就会报异常. ', 9, '是否可以从一个static方法内部发出对非static方法的调用？', 0.5);
INSERT INTO `jianda` VALUES (14, '　　1.一个是针对基本数据类型, 一个针对引用数据类型\n　　2.值传递传递的是值, 引用传递传递的是地址\n　　3.值传递是拷贝了一份新的值给形式参数, 在方法中进行操作不会影响原来的值; 而引用传递的是地址, 两个引用指向同一个地址, 因此方法中改变了这个地址中的数据,那么原来的数据也会改变. ', 9, '值传递和引用传递的区别?', 0.5);
INSERT INTO `jianda` VALUES (15, '继承就是一个类继承另一个类的属性和方法. 继承的优点是可以实现代码的重用, 使组件类型保持一致. Extends关键字, 类只能单继承类, 但可以实现多个接口. 所有类的父类是Object类', 9, '什么继承？继承有什么优点？继承使用什么关键字？继承的特点?继承的限制?一个类可以同时继承多个类吗？所有类的父类是什么？', 0.5);
INSERT INTO `jianda` VALUES (16, '重写是指在继承关系中, 子类重新实现了父类中存在的方法. @Override关键字', 9, '什么是重写？用什么方法可以强制检当前方法是否重写父类方法？', 0.5);
INSERT INTO `jianda` VALUES (17, '多态就是指同一个方法, 不同的实现. 多态分为编译时的多态和运行时的多态, 编译时的多态通过方法的重载实现. 运行时的多态通过方法的重写实现. 多态主要运用于增加程序的灵活性, 增加程序的可扩展性', 9, '什么是多态？多态主要的应用是什么？', 0.5);
INSERT INTO `jianda` VALUES (18, '抽象方法就是使用abstract关键字修饰的方法. \n抽象类是指abstract关键字修饰的类. \nJava抽象类可以有构造函数, \nJava抽象类可以有static方法, \nabstract方法不能用static修饰, 因为抽象方法需要被继承和实现, \n而static修饰的方法是可以通过类名直接访问的, 还没有方法体就被访问逻辑上是不合理的. ', 9, '什么是抽象方法？什么是抽象类？Java抽象类可以有构造函数吗？Java抽象类可以有static方法吗？abstract方法可以用static修饰吗?', 0.5);
INSERT INTO `jianda` VALUES (19, '静态方法不可以被重写. 因为静态方法是在类加载时就被加载到内存中的方法, 在整个运行过程中保持不变, 因而不能重写. \n但非静态方法是在对象实例化才单独申请内存空间, 为每一个实例分配独立的运行内存, 因而可以重写. \nJava抽象类可以包含main方法', 9, '静态方法可以被重写吗？Java抽象类中可以包含main方法吗？\n', 0.5);
INSERT INTO `jianda` VALUES (20, '抽象类是指abstract关键字所修饰的类, 里面可以包含普通方法和抽象方法, 还可以有构造函数和普通属性. \nInterface是接口,里面只能包含常量和抽象方法, 不能有构造方法,普通属性和普通方法, 也不鞥你有main方法,\n抽象类是一个类, 而接口的核心是方法', 9, 'abstract class 和interface的区别?', 0.5);
INSERT INTO `jianda` VALUES (21, '引用是指一个指向引用数据类型地址的指针, 对象是指一个类的实例. \n引用可以指向一个对象, 对象也可以包含多个引用\n对象是引用数据类型, 引用数据类型不仅仅包含对象', 9, '请说说引用和对象？', 0.5);
INSERT INTO `jianda` VALUES (22, '可以, 因为char是两个字节, 而unicode的汉字编码所占用的存储空间就是两个字节', 9, 'char型变量中能不能存贮一个中文汉字?为什么?', 0.5);
INSERT INTO `jianda` VALUES (23, '有, Goto语句在java中作为保留字, 并没有实现它. \n带标号的break, continue局限于循环体中跳转\n带标号的goto可以在一个函数(c语言)中任意跳转\nGoto比带标号的break,continue用法灵活, 正因为太灵活了使程序的逻辑结构变得复杂, 流程不够清晰, 程序的可读性下降\n所以java把goto保留了.', 9, 'Java有没有goto', 0.5);

-- ----------------------------
-- Table structure for kemu
-- ----------------------------
DROP TABLE IF EXISTS `kemu`;
CREATE TABLE `kemu`  (
  `id` int(11) NOT NULL AUTO_INCREMENT,
  `name` varchar(255) CHARACTER SET utf8 COLLATE utf8_general_ci NULL DEFAULT NULL,
  PRIMARY KEY (`id`) USING BTREE
) ENGINE = InnoDB AUTO_INCREMENT = 1 CHARACTER SET = utf8 COLLATE = utf8_general_ci ROW_FORMAT = COMPACT;

-- ----------------------------
-- Records of kemu
-- ----------------------------
INSERT INTO `kemu` VALUES (1, '数据结构');

-- ----------------------------
-- Table structure for panduan
-- ----------------------------
DROP TABLE IF EXISTS `panduan`;
CREATE TABLE `panduan`  (
  `id` int(11) NOT NULL AUTO_INCREMENT,
  `daan` varchar(255) CHARACTER SET utf8 COLLATE utf8_general_ci NULL DEFAULT NULL,
  `kmid` int(11) NULL DEFAULT NULL,
  `title` varchar(255) CHARACTER SET utf8 COLLATE utf8_general_ci NULL DEFAULT NULL,
  `diffact` double NULL DEFAULT NULL,
  PRIMARY KEY (`id`) USING BTREE
) ENGINE = InnoDB AUTO_INCREMENT = 49 CHARACTER SET = utf8 COLLATE = utf8_general_ci ROW_FORMAT = COMPACT;

-- ----------------------------
-- Records of panduan
-- ----------------------------
INSERT INTO `panduan` VALUES (6, '错误', 9, '在Word 2000 中如果想把表格转化成文本，只有一步一步地删除表格线。( )', 0.5);
INSERT INTO `panduan` VALUES (7, '错误', 9, '在上网时，  IE  提示错误信息  “403 Forbidden”  ，它表示该页受到保护，禁止访问', 0.6);
INSERT INTO `panduan` VALUES (8, '错误', 9, '计算机的硬件组成可以分为4个层次第一层是网络。 ', 0.6);
INSERT INTO `panduan` VALUES (13, '正确', 9, '用final修饰的变量叫常量', 0.5);
INSERT INTO `panduan` VALUES (14, '正确', 9, '描述对象的两个要素是属性和方法。', 0.5);
INSERT INTO `panduan` VALUES (15, '错误', 9, 'Java支持多重继承', 0.5);
INSERT INTO `panduan` VALUES (16, '错误', 9, '覆盖的同名方法中，子类方法不能比父类方法的访问权限低。', 0.5);
INSERT INTO `panduan` VALUES (17, '错误', 9, '抽象类中能创建对象。', 0.5);
INSERT INTO `panduan` VALUES (18, '正确', 9, '一个类可以实现多接口。', 0.5);
INSERT INTO `panduan` VALUES (19, '错误', 9, 'Unicode码与ASCII码相同。', 0.5);
INSERT INTO `panduan` VALUES (20, '正确', 9, 'Java语言是编译解释型语言。', 0.5);
INSERT INTO `panduan` VALUES (21, '正确', 9, 'Java语言支持类的继承,但只支持类的单继承。', 0.5);
INSERT INTO `panduan` VALUES (22, '错误', 9, '抽象方法没有方法体。', 0.5);
INSERT INTO `panduan` VALUES (23, '错误', 9, '方法的重载是指子类和父类具有相同的名字、相同的参数表，但返回类型可以不相同。', 0.5);
INSERT INTO `panduan` VALUES (24, '正确', 9, '在Java中声明变量时必须指定一个类型。', 0.5);
INSERT INTO `panduan` VALUES (25, '错误', 9, 'Java中，一个类可以有多个直接父类。', 0.5);
INSERT INTO `panduan` VALUES (26, '正确', 9, 'package语句必须放在程序的第一句。', 0.5);
INSERT INTO `panduan` VALUES (27, '正确', 9, '一个类实现一个接口，则该类必须实现接口中的所有方法。', 0.5);
INSERT INTO `panduan` VALUES (28, '正确', 9, 'final类中的属性和方法都必须是final的。', 0.5);
INSERT INTO `panduan` VALUES (29, '错误', 9, '在方法定义中，可能发生的异常都必须用try{} catch ){}捕捉。', 0.5);
INSERT INTO `panduan` VALUES (30, '正确', 9, 'Java 程序一般应当含有 main 方法，因为它是所有 Java 程序执行的入口', 0.5);
INSERT INTO `panduan` VALUES (31, '正确', 9, 'Java 语言的标识符是不区分大小写的。', 0.5);
INSERT INTO `panduan` VALUES (32, '错误', 9, '有时候为了避免引起混淆，构造方法的方法名可以不与所属类名同名。', 0.5);
INSERT INTO `panduan` VALUES (33, '错误', 9, '在java继承机制中，父类中的私有 private）成员不能被子类继承。', 0.5);
INSERT INTO `panduan` VALUES (34, '正确', 9, 'Java的类不允许多重继承，但接口支持多重继承。', 0.5);
INSERT INTO `panduan` VALUES (35, '正确', 9, '一个类中含有几个构造方法，称为构造方法的重载。对于重载的方法，其参数列表可以相同。', 0.5);
INSERT INTO `panduan` VALUES (36, '错误', 9, '在编译Java源程序时，计算机根本不会去识别各个变量名的具体含义，因此命名规范对编写 Java程序而言不是必要的。', 0.5);
INSERT INTO `panduan` VALUES (37, '正确', 9, 'abstract方法只能在abstract类或接口。', 0.5);
INSERT INTO `panduan` VALUES (38, '正确', 9, '成员变量的值会因为对象的不同而不同。', 0.5);
INSERT INTO `panduan` VALUES (39, '正确', 9, 'final 方法不能被覆盖。', 0.5);
INSERT INTO `panduan` VALUES (40, '正确', 9, '抽象类中不能创建对象。', 0.5);
INSERT INTO `panduan` VALUES (41, '错误', 9, '接口中可以包含非静态成员。', 0.5);
INSERT INTO `panduan` VALUES (44, '错误', 9, 'Spring boot不需要服务器就能运行web程序', 0.5);
INSERT INTO `panduan` VALUES (45, '', NULL, 'hhhhhhhhhhhhh', NULL);
INSERT INTO `panduan` VALUES (46, 'æ­£ç¡®', NULL, 'hhhhhhhhhhhhh', NULL);
INSERT INTO `panduan` VALUES (47, '', NULL, 'sssssssssss', NULL);
INSERT INTO `panduan` VALUES (48, '', NULL, '', NULL);
INSERT INTO `panduan` VALUES (49, 'æ­£ç¡®', NULL, 'QWERTY', NULL);

-- ----------------------------
-- Table structure for paperstate
-- ----------------------------
DROP TABLE IF EXISTS `paperstate`;
CREATE TABLE `paperstate`  (
  `id` int(11) NOT NULL AUTO_INCREMENT,
  `shijuanid` int(11) NULL DEFAULT NULL,
  `dstate` bit(1) NULL DEFAULT b'0',
  `ystate` bit(1) NULL DEFAULT b'0',
  `stno` varchar(255) CHARACTER SET utf8mb4 COLLATE utf8mb4_0900_ai_ci NOT NULL,
  `score` double(4, 2) NULL DEFAULT NULL,
  PRIMARY KEY (`id`) USING BTREE,
  INDEX `fk_paperstate_1`(`shijuanid`) USING BTREE,
  CONSTRAINT `fk_paperstate_1` FOREIGN KEY (`shijuanid`) REFERENCES `shijuan` (`id`) ON DELETE RESTRICT ON UPDATE RESTRICT
) ENGINE = InnoDB AUTO_INCREMENT = 15 CHARACTER SET = utf8mb4 COLLATE = utf8mb4_0900_ai_ci ROW_FORMAT = DYNAMIC;

-- ----------------------------
-- Records of paperstate
-- ----------------------------
INSERT INTO `paperstate` VALUES (1, 10, b'1', b'0', '20220000002', 6.00);
INSERT INTO `paperstate` VALUES (14, 11, b'1', b'1', '20220000001', 2.00);
INSERT INTO `paperstate` VALUES (15, 11, b'1', b'1', '20220000002', 2.00);
INSERT INTO `paperstate` VALUES (16, 14, b'0', b'0', '20220000001', NULL);
INSERT INTO `paperstate` VALUES (17, 14, b'0', b'0', '20220000002', NULL);
INSERT INTO `paperstate` VALUES (18, 14, b'0', b'0', '20220000003', NULL);

-- ----------------------------
-- Table structure for shijuan
-- ----------------------------
DROP TABLE IF EXISTS `shijuan`;
CREATE TABLE `shijuan`  (
  `id` int(11) NOT NULL AUTO_INCREMENT,
  `kmid` int(11) NULL DEFAULT NULL,
  `title` varchar(255) CHARACTER SET utf8 COLLATE utf8_general_ci NULL DEFAULT NULL,
  `zongfen` int(11) NULL DEFAULT NULL,
  `tno` varchar(255) CHARACTER SET utf8 COLLATE utf8_general_ci NULL DEFAULT NULL,
  `starttime` datetime(0) NULL DEFAULT NULL,
  `diffaclt` double NULL DEFAULT NULL COMMENT '难易程度',
  `endtime` datetime(0) NULL DEFAULT NULL,
  PRIMARY KEY (`id`) USING BTREE,
  INDEX `fk_paperstae_1`(`tno`) USING BTREE,
  CONSTRAINT `fk_paperstae_1` FOREIGN KEY (`tno`) REFERENCES `teacher` (`tno`) ON DELETE CASCADE ON UPDATE CASCADE
) ENGINE = InnoDB AUTO_INCREMENT = 12 CHARACTER SET = utf8 COLLATE = utf8_general_ci ROW_FORMAT = COMPACT;

-- ----------------------------
-- Records of shijuan
-- ----------------------------
INSERT INTO `shijuan` VALUES (1, 9, 'sssss', 100, 'T20220001', '2022-07-22 19:16:47', NULL, NULL);
INSERT INTO `shijuan` VALUES (4, 9, '', 100, 'T20220001', NULL, NULL, NULL);
INSERT INTO `shijuan` VALUES (5, 9, 'hello', 200, 'T20220001', '2022-07-29 19:36:59', NULL, NULL);
INSERT INTO `shijuan` VALUES (6, 9, 'ssssssss', 100, 'T20220001', '2022-07-31 19:16:58', NULL, NULL);
INSERT INTO `shijuan` VALUES (7, 9, '31', 100, 'T20220001', NULL, NULL, NULL);
INSERT INTO `shijuan` VALUES (8, 9, '31.1', 100, 'T20220001', NULL, NULL, NULL);
INSERT INTO `shijuan` VALUES (9, 9, '31.2', 400, 'T20220001', '2022-07-31 19:48:58', NULL, NULL);
INSERT INTO `shijuan` VALUES (10, 9, '8.1', 100, 'T20220001', '2022-08-01 09:18:51', NULL, NULL);
INSERT INTO `shijuan` VALUES (11, 9, '8.1.2', 100, 'T20220001', '2022-08-01 11:01:34', NULL, NULL);
INSERT INTO `shijuan` VALUES (12, 9, '第一次测试', 100, 'T2022000003', '2022-08-04 00:00:00', NULL, '2022-09-14 00:00:00');
INSERT INTO `shijuan` VALUES (13, 9, 'ceshi', 100, 'T2022000003', '2022-08-04 00:00:00', NULL, '2022-09-07 00:00:00');
INSERT INTO `shijuan` VALUES (14, 9, 'ceshi', 100, 'T2022000003', '2022-08-19 00:00:00', NULL, '2022-09-07 00:00:00');

-- ----------------------------
-- Table structure for shijuanitem
-- ----------------------------
DROP TABLE IF EXISTS `shijuanitem`;
CREATE TABLE `shijuanitem`  (
  `id` int(11) NOT NULL AUTO_INCREMENT,
  `fenshu` int(11) NULL DEFAULT NULL,
  `shijuanid` int(11) NULL DEFAULT NULL,
  `tihao` int(11) NULL DEFAULT NULL,
  `qtype` int(11) NULL DEFAULT NULL,
  PRIMARY KEY (`id`) USING BTREE,
  INDEX `fk_shijuanitem_shijuanitem_1`(`shijuanid`) USING BTREE,
  CONSTRAINT `fk_shijuanitem_1` FOREIGN KEY (`shijuanid`) REFERENCES `shijuan` (`id`) ON DELETE CASCADE ON UPDATE RESTRICT
) ENGINE = InnoDB AUTO_INCREMENT = 303 CHARACTER SET = utf8 COLLATE = utf8_general_ci ROW_FORMAT = COMPACT;

-- ----------------------------
-- Records of shijuanitem
-- ----------------------------
INSERT INTO `shijuanitem` VALUES (40, 2, 4, 19, 0);
INSERT INTO `shijuanitem` VALUES (41, 2, 4, 11, 0);
INSERT INTO `shijuanitem` VALUES (42, 2, 4, 9, 0);
INSERT INTO `shijuanitem` VALUES (43, 2, 4, 16, 0);
INSERT INTO `shijuanitem` VALUES (44, 2, 4, 12, 0);
INSERT INTO `shijuanitem` VALUES (45, 2, 4, 18, 0);
INSERT INTO `shijuanitem` VALUES (46, 2, 4, 14, 0);
INSERT INTO `shijuanitem` VALUES (47, 2, 4, 35, 0);
INSERT INTO `shijuanitem` VALUES (48, 2, 4, 27, 0);
INSERT INTO `shijuanitem` VALUES (49, 2, 4, 17, 0);
INSERT INTO `shijuanitem` VALUES (50, 2, 4, 23, 1);
INSERT INTO `shijuanitem` VALUES (51, 2, 4, 39, 1);
INSERT INTO `shijuanitem` VALUES (52, 2, 4, 30, 1);
INSERT INTO `shijuanitem` VALUES (53, 2, 4, 6, 1);
INSERT INTO `shijuanitem` VALUES (54, 2, 4, 45, 1);
INSERT INTO `shijuanitem` VALUES (55, 2, 4, 24, 1);
INSERT INTO `shijuanitem` VALUES (56, 2, 4, 31, 1);
INSERT INTO `shijuanitem` VALUES (57, 2, 4, 35, 1);
INSERT INTO `shijuanitem` VALUES (58, 2, 4, 17, 1);
INSERT INTO `shijuanitem` VALUES (59, 2, 4, 18, 1);
INSERT INTO `shijuanitem` VALUES (60, 3, 4, 3, 2);
INSERT INTO `shijuanitem` VALUES (61, 3, 4, 10, 2);
INSERT INTO `shijuanitem` VALUES (62, 3, 4, 8, 2);
INSERT INTO `shijuanitem` VALUES (63, 3, 4, 2, 2);
INSERT INTO `shijuanitem` VALUES (64, 3, 4, 11, 2);
INSERT INTO `shijuanitem` VALUES (65, 3, 4, 1, 2);
INSERT INTO `shijuanitem` VALUES (66, 3, 4, 9, 2);
INSERT INTO `shijuanitem` VALUES (67, 3, 4, 7, 2);
INSERT INTO `shijuanitem` VALUES (68, 3, 4, 6, 2);
INSERT INTO `shijuanitem` VALUES (69, 3, 4, 12, 2);
INSERT INTO `shijuanitem` VALUES (70, 10, 4, 12, 3);
INSERT INTO `shijuanitem` VALUES (71, 10, 4, 20, 3);
INSERT INTO `shijuanitem` VALUES (72, 10, 4, 11, 3);
INSERT INTO `shijuanitem` VALUES (73, 2, 5, 2, 0);
INSERT INTO `shijuanitem` VALUES (74, 2, 5, 19, 0);
INSERT INTO `shijuanitem` VALUES (75, 2, 5, 34, 0);
INSERT INTO `shijuanitem` VALUES (76, 2, 5, 27, 0);
INSERT INTO `shijuanitem` VALUES (77, 2, 5, 33, 0);
INSERT INTO `shijuanitem` VALUES (78, 2, 5, 38, 0);
INSERT INTO `shijuanitem` VALUES (79, 2, 5, 36, 0);
INSERT INTO `shijuanitem` VALUES (80, 2, 5, 4, 0);
INSERT INTO `shijuanitem` VALUES (81, 2, 5, 8, 0);
INSERT INTO `shijuanitem` VALUES (82, 2, 5, 11, 0);
INSERT INTO `shijuanitem` VALUES (83, 2, 5, 7, 1);
INSERT INTO `shijuanitem` VALUES (84, 2, 5, 25, 1);
INSERT INTO `shijuanitem` VALUES (85, 2, 5, 15, 1);
INSERT INTO `shijuanitem` VALUES (86, 2, 5, 40, 1);
INSERT INTO `shijuanitem` VALUES (87, 2, 5, 41, 1);
INSERT INTO `shijuanitem` VALUES (88, 2, 5, 19, 1);
INSERT INTO `shijuanitem` VALUES (89, 2, 5, 39, 1);
INSERT INTO `shijuanitem` VALUES (90, 2, 5, 14, 1);
INSERT INTO `shijuanitem` VALUES (91, 2, 5, 6, 1);
INSERT INTO `shijuanitem` VALUES (92, 2, 5, 44, 1);
INSERT INTO `shijuanitem` VALUES (93, 3, 5, 1, 2);
INSERT INTO `shijuanitem` VALUES (94, 3, 5, 9, 2);
INSERT INTO `shijuanitem` VALUES (95, 3, 5, 6, 2);
INSERT INTO `shijuanitem` VALUES (96, 3, 5, 10, 2);
INSERT INTO `shijuanitem` VALUES (97, 3, 5, 2, 2);
INSERT INTO `shijuanitem` VALUES (98, 3, 5, 7, 2);
INSERT INTO `shijuanitem` VALUES (99, 3, 5, 12, 2);
INSERT INTO `shijuanitem` VALUES (100, 3, 5, 8, 2);
INSERT INTO `shijuanitem` VALUES (101, 3, 5, 11, 2);
INSERT INTO `shijuanitem` VALUES (102, 3, 5, 3, 2);
INSERT INTO `shijuanitem` VALUES (103, 10, 5, 23, 3);
INSERT INTO `shijuanitem` VALUES (104, 10, 5, 19, 3);
INSERT INTO `shijuanitem` VALUES (105, 10, 5, 21, 3);
INSERT INTO `shijuanitem` VALUES (106, 2, 6, 26, 0);
INSERT INTO `shijuanitem` VALUES (107, 2, 6, 38, 0);
INSERT INTO `shijuanitem` VALUES (108, 2, 6, 31, 0);
INSERT INTO `shijuanitem` VALUES (109, 2, 6, 22, 0);
INSERT INTO `shijuanitem` VALUES (110, 2, 6, 36, 0);
INSERT INTO `shijuanitem` VALUES (111, 2, 6, 32, 0);
INSERT INTO `shijuanitem` VALUES (112, 2, 6, 5, 0);
INSERT INTO `shijuanitem` VALUES (113, 2, 6, 17, 0);
INSERT INTO `shijuanitem` VALUES (114, 2, 6, 29, 0);
INSERT INTO `shijuanitem` VALUES (115, 2, 6, 4, 0);
INSERT INTO `shijuanitem` VALUES (116, 2, 6, 19, 1);
INSERT INTO `shijuanitem` VALUES (117, 2, 6, 13, 1);
INSERT INTO `shijuanitem` VALUES (118, 2, 6, 41, 1);
INSERT INTO `shijuanitem` VALUES (119, 2, 6, 40, 1);
INSERT INTO `shijuanitem` VALUES (120, 2, 6, 22, 1);
INSERT INTO `shijuanitem` VALUES (121, 2, 6, 16, 1);
INSERT INTO `shijuanitem` VALUES (122, 2, 6, 14, 1);
INSERT INTO `shijuanitem` VALUES (123, 2, 6, 31, 1);
INSERT INTO `shijuanitem` VALUES (124, 2, 6, 36, 1);
INSERT INTO `shijuanitem` VALUES (125, 2, 6, 44, 1);
INSERT INTO `shijuanitem` VALUES (126, 3, 6, 3, 2);
INSERT INTO `shijuanitem` VALUES (127, 3, 6, 12, 2);
INSERT INTO `shijuanitem` VALUES (128, 3, 6, 2, 2);
INSERT INTO `shijuanitem` VALUES (129, 3, 6, 11, 2);
INSERT INTO `shijuanitem` VALUES (130, 3, 6, 10, 2);
INSERT INTO `shijuanitem` VALUES (131, 3, 6, 6, 2);
INSERT INTO `shijuanitem` VALUES (132, 3, 6, 1, 2);
INSERT INTO `shijuanitem` VALUES (133, 3, 6, 9, 2);
INSERT INTO `shijuanitem` VALUES (134, 3, 6, 8, 2);
INSERT INTO `shijuanitem` VALUES (135, 3, 6, 7, 2);
INSERT INTO `shijuanitem` VALUES (136, 10, 6, 19, 3);
INSERT INTO `shijuanitem` VALUES (137, 10, 6, 15, 3);
INSERT INTO `shijuanitem` VALUES (138, 10, 6, 21, 3);
INSERT INTO `shijuanitem` VALUES (139, 2, 7, 26, 0);
INSERT INTO `shijuanitem` VALUES (140, 2, 7, 32, 0);
INSERT INTO `shijuanitem` VALUES (141, 2, 7, 14, 0);
INSERT INTO `shijuanitem` VALUES (142, 2, 7, 18, 0);
INSERT INTO `shijuanitem` VALUES (143, 2, 7, 33, 0);
INSERT INTO `shijuanitem` VALUES (144, 2, 7, 11, 0);
INSERT INTO `shijuanitem` VALUES (145, 2, 7, 19, 0);
INSERT INTO `shijuanitem` VALUES (146, 2, 7, 5, 0);
INSERT INTO `shijuanitem` VALUES (147, 2, 7, 29, 0);
INSERT INTO `shijuanitem` VALUES (148, 2, 7, 36, 0);
INSERT INTO `shijuanitem` VALUES (149, 2, 7, 17, 1);
INSERT INTO `shijuanitem` VALUES (150, 2, 7, 6, 1);
INSERT INTO `shijuanitem` VALUES (151, 2, 7, 8, 1);
INSERT INTO `shijuanitem` VALUES (152, 2, 7, 34, 1);
INSERT INTO `shijuanitem` VALUES (153, 2, 7, 15, 1);
INSERT INTO `shijuanitem` VALUES (154, 2, 7, 30, 1);
INSERT INTO `shijuanitem` VALUES (155, 2, 7, 18, 1);
INSERT INTO `shijuanitem` VALUES (156, 2, 7, 39, 1);
INSERT INTO `shijuanitem` VALUES (157, 2, 7, 16, 1);
INSERT INTO `shijuanitem` VALUES (158, 2, 7, 47, 1);
INSERT INTO `shijuanitem` VALUES (159, 3, 7, 8, 2);
INSERT INTO `shijuanitem` VALUES (160, 3, 7, 10, 2);
INSERT INTO `shijuanitem` VALUES (161, 3, 7, 11, 2);
INSERT INTO `shijuanitem` VALUES (162, 3, 7, 12, 2);
INSERT INTO `shijuanitem` VALUES (163, 3, 7, 2, 2);
INSERT INTO `shijuanitem` VALUES (164, 3, 7, 6, 2);
INSERT INTO `shijuanitem` VALUES (165, 3, 7, 9, 2);
INSERT INTO `shijuanitem` VALUES (166, 3, 7, 7, 2);
INSERT INTO `shijuanitem` VALUES (167, 3, 7, 3, 2);
INSERT INTO `shijuanitem` VALUES (168, 3, 7, 1, 2);
INSERT INTO `shijuanitem` VALUES (169, 10, 7, 1, 3);
INSERT INTO `shijuanitem` VALUES (170, 10, 7, 23, 3);
INSERT INTO `shijuanitem` VALUES (171, 10, 7, 12, 3);
INSERT INTO `shijuanitem` VALUES (172, 2, 8, 34, 0);
INSERT INTO `shijuanitem` VALUES (173, 2, 8, 10, 0);
INSERT INTO `shijuanitem` VALUES (174, 2, 8, 27, 0);
INSERT INTO `shijuanitem` VALUES (175, 2, 8, 38, 0);
INSERT INTO `shijuanitem` VALUES (176, 2, 8, 4, 0);
INSERT INTO `shijuanitem` VALUES (177, 2, 8, 17, 0);
INSERT INTO `shijuanitem` VALUES (178, 2, 8, 39, 0);
INSERT INTO `shijuanitem` VALUES (179, 2, 8, 8, 0);
INSERT INTO `shijuanitem` VALUES (180, 2, 8, 36, 0);
INSERT INTO `shijuanitem` VALUES (181, 2, 8, 12, 0);
INSERT INTO `shijuanitem` VALUES (182, 2, 8, 38, 1);
INSERT INTO `shijuanitem` VALUES (183, 2, 8, 29, 1);
INSERT INTO `shijuanitem` VALUES (184, 2, 8, 45, 1);
INSERT INTO `shijuanitem` VALUES (185, 2, 8, 36, 1);
INSERT INTO `shijuanitem` VALUES (186, 2, 8, 8, 1);
INSERT INTO `shijuanitem` VALUES (187, 2, 8, 16, 1);
INSERT INTO `shijuanitem` VALUES (188, 2, 8, 13, 1);
INSERT INTO `shijuanitem` VALUES (189, 2, 8, 49, 1);
INSERT INTO `shijuanitem` VALUES (190, 2, 8, 26, 1);
INSERT INTO `shijuanitem` VALUES (191, 2, 8, 44, 1);
INSERT INTO `shijuanitem` VALUES (192, 3, 8, 11, 2);
INSERT INTO `shijuanitem` VALUES (193, 3, 8, 10, 2);
INSERT INTO `shijuanitem` VALUES (194, 3, 8, 3, 2);
INSERT INTO `shijuanitem` VALUES (195, 3, 8, 1, 2);
INSERT INTO `shijuanitem` VALUES (196, 3, 8, 2, 2);
INSERT INTO `shijuanitem` VALUES (197, 3, 8, 9, 2);
INSERT INTO `shijuanitem` VALUES (198, 3, 8, 7, 2);
INSERT INTO `shijuanitem` VALUES (199, 3, 8, 6, 2);
INSERT INTO `shijuanitem` VALUES (200, 3, 8, 12, 2);
INSERT INTO `shijuanitem` VALUES (201, 3, 8, 8, 2);
INSERT INTO `shijuanitem` VALUES (202, 10, 8, 23, 3);
INSERT INTO `shijuanitem` VALUES (203, 10, 8, 9, 3);
INSERT INTO `shijuanitem` VALUES (204, 10, 8, 14, 3);
INSERT INTO `shijuanitem` VALUES (205, 2, 9, 34, 0);
INSERT INTO `shijuanitem` VALUES (206, 2, 9, 2, 0);
INSERT INTO `shijuanitem` VALUES (207, 2, 9, 38, 0);
INSERT INTO `shijuanitem` VALUES (208, 2, 9, 33, 0);
INSERT INTO `shijuanitem` VALUES (209, 2, 9, 10, 0);
INSERT INTO `shijuanitem` VALUES (210, 2, 9, 32, 0);
INSERT INTO `shijuanitem` VALUES (211, 2, 9, 5, 0);
INSERT INTO `shijuanitem` VALUES (212, 2, 9, 7, 0);
INSERT INTO `shijuanitem` VALUES (213, 2, 9, 3, 0);
INSERT INTO `shijuanitem` VALUES (214, 2, 9, 8, 0);
INSERT INTO `shijuanitem` VALUES (215, 2, 9, 41, 1);
INSERT INTO `shijuanitem` VALUES (216, 2, 9, 21, 1);
INSERT INTO `shijuanitem` VALUES (217, 2, 9, 48, 1);
INSERT INTO `shijuanitem` VALUES (218, 2, 9, 32, 1);
INSERT INTO `shijuanitem` VALUES (219, 2, 9, 30, 1);
INSERT INTO `shijuanitem` VALUES (220, 2, 9, 29, 1);
INSERT INTO `shijuanitem` VALUES (221, 2, 9, 36, 1);
INSERT INTO `shijuanitem` VALUES (222, 2, 9, 23, 1);
INSERT INTO `shijuanitem` VALUES (223, 2, 9, 18, 1);
INSERT INTO `shijuanitem` VALUES (224, 2, 9, 27, 1);
INSERT INTO `shijuanitem` VALUES (225, 3, 9, 11, 2);
INSERT INTO `shijuanitem` VALUES (226, 3, 9, 6, 2);
INSERT INTO `shijuanitem` VALUES (227, 3, 9, 3, 2);
INSERT INTO `shijuanitem` VALUES (228, 3, 9, 7, 2);
INSERT INTO `shijuanitem` VALUES (229, 3, 9, 1, 2);
INSERT INTO `shijuanitem` VALUES (230, 3, 9, 9, 2);
INSERT INTO `shijuanitem` VALUES (231, 3, 9, 8, 2);
INSERT INTO `shijuanitem` VALUES (232, 3, 9, 10, 2);
INSERT INTO `shijuanitem` VALUES (233, 3, 9, 2, 2);
INSERT INTO `shijuanitem` VALUES (234, 3, 9, 12, 2);
INSERT INTO `shijuanitem` VALUES (235, 10, 9, 13, 3);
INSERT INTO `shijuanitem` VALUES (236, 10, 9, 20, 3);
INSERT INTO `shijuanitem` VALUES (237, 10, 9, 10, 3);
INSERT INTO `shijuanitem` VALUES (238, 2, 10, 9, 0);
INSERT INTO `shijuanitem` VALUES (239, 2, 10, 5, 0);
INSERT INTO `shijuanitem` VALUES (240, 2, 10, 25, 0);
INSERT INTO `shijuanitem` VALUES (241, 2, 10, 38, 0);
INSERT INTO `shijuanitem` VALUES (242, 2, 10, 12, 0);
INSERT INTO `shijuanitem` VALUES (243, 2, 10, 6, 0);
INSERT INTO `shijuanitem` VALUES (244, 2, 10, 33, 0);
INSERT INTO `shijuanitem` VALUES (245, 2, 10, 15, 0);
INSERT INTO `shijuanitem` VALUES (246, 2, 10, 19, 0);
INSERT INTO `shijuanitem` VALUES (247, 2, 10, 14, 0);
INSERT INTO `shijuanitem` VALUES (248, 2, 10, 6, 1);
INSERT INTO `shijuanitem` VALUES (249, 2, 10, 17, 1);
INSERT INTO `shijuanitem` VALUES (250, 2, 10, 27, 1);
INSERT INTO `shijuanitem` VALUES (251, 2, 10, 16, 1);
INSERT INTO `shijuanitem` VALUES (252, 2, 10, 23, 1);
INSERT INTO `shijuanitem` VALUES (253, 2, 10, 30, 1);
INSERT INTO `shijuanitem` VALUES (254, 2, 10, 46, 1);
INSERT INTO `shijuanitem` VALUES (255, 2, 10, 35, 1);
INSERT INTO `shijuanitem` VALUES (256, 2, 10, 21, 1);
INSERT INTO `shijuanitem` VALUES (257, 2, 10, 41, 1);
INSERT INTO `shijuanitem` VALUES (258, 3, 10, 10, 2);
INSERT INTO `shijuanitem` VALUES (259, 3, 10, 7, 2);
INSERT INTO `shijuanitem` VALUES (260, 3, 10, 2, 2);
INSERT INTO `shijuanitem` VALUES (261, 3, 10, 1, 2);
INSERT INTO `shijuanitem` VALUES (262, 3, 10, 9, 2);
INSERT INTO `shijuanitem` VALUES (263, 3, 10, 8, 2);
INSERT INTO `shijuanitem` VALUES (264, 3, 10, 11, 2);
INSERT INTO `shijuanitem` VALUES (265, 3, 10, 6, 2);
INSERT INTO `shijuanitem` VALUES (266, 3, 10, 3, 2);
INSERT INTO `shijuanitem` VALUES (267, 3, 10, 12, 2);
INSERT INTO `shijuanitem` VALUES (268, 10, 10, 11, 3);
INSERT INTO `shijuanitem` VALUES (269, 10, 10, 18, 3);
INSERT INTO `shijuanitem` VALUES (270, 10, 10, 22, 3);
INSERT INTO `shijuanitem` VALUES (271, 2, 11, 28, 0);
INSERT INTO `shijuanitem` VALUES (272, 2, 11, 5, 0);
INSERT INTO `shijuanitem` VALUES (273, 2, 11, 39, 0);
INSERT INTO `shijuanitem` VALUES (274, 2, 11, 10, 0);
INSERT INTO `shijuanitem` VALUES (275, 2, 11, 16, 0);
INSERT INTO `shijuanitem` VALUES (276, 2, 11, 13, 0);
INSERT INTO `shijuanitem` VALUES (277, 2, 11, 17, 0);
INSERT INTO `shijuanitem` VALUES (278, 2, 11, 22, 0);
INSERT INTO `shijuanitem` VALUES (279, 2, 11, 29, 0);
INSERT INTO `shijuanitem` VALUES (280, 2, 11, 35, 0);
INSERT INTO `shijuanitem` VALUES (281, 2, 11, 49, 1);
INSERT INTO `shijuanitem` VALUES (282, 2, 11, 46, 1);
INSERT INTO `shijuanitem` VALUES (283, 2, 11, 33, 1);
INSERT INTO `shijuanitem` VALUES (284, 2, 11, 19, 1);
INSERT INTO `shijuanitem` VALUES (285, 2, 11, 30, 1);
INSERT INTO `shijuanitem` VALUES (286, 2, 11, 26, 1);
INSERT INTO `shijuanitem` VALUES (287, 2, 11, 40, 1);
INSERT INTO `shijuanitem` VALUES (288, 2, 11, 23, 1);
INSERT INTO `shijuanitem` VALUES (289, 2, 11, 47, 1);
INSERT INTO `shijuanitem` VALUES (290, 2, 11, 25, 1);
INSERT INTO `shijuanitem` VALUES (291, 3, 11, 11, 2);
INSERT INTO `shijuanitem` VALUES (292, 3, 11, 2, 2);
INSERT INTO `shijuanitem` VALUES (293, 3, 11, 1, 2);
INSERT INTO `shijuanitem` VALUES (294, 3, 11, 6, 2);
INSERT INTO `shijuanitem` VALUES (295, 3, 11, 9, 2);
INSERT INTO `shijuanitem` VALUES (296, 3, 11, 10, 2);
INSERT INTO `shijuanitem` VALUES (297, 3, 11, 7, 2);
INSERT INTO `shijuanitem` VALUES (298, 3, 11, 8, 2);
INSERT INTO `shijuanitem` VALUES (299, 3, 11, 12, 2);
INSERT INTO `shijuanitem` VALUES (300, 3, 11, 3, 2);
INSERT INTO `shijuanitem` VALUES (301, 10, 11, 16, 3);
INSERT INTO `shijuanitem` VALUES (302, 10, 11, 23, 3);
INSERT INTO `shijuanitem` VALUES (303, 10, 11, 11, 3);
INSERT INTO `shijuanitem` VALUES (304, 2, 12, 31, 0);
INSERT INTO `shijuanitem` VALUES (305, 2, 12, 25, 0);
INSERT INTO `shijuanitem` VALUES (306, 2, 12, 7, 0);
INSERT INTO `shijuanitem` VALUES (307, 2, 12, 16, 0);
INSERT INTO `shijuanitem` VALUES (308, 2, 12, 36, 0);
INSERT INTO `shijuanitem` VALUES (309, 2, 12, 22, 0);
INSERT INTO `shijuanitem` VALUES (310, 2, 12, 14, 0);
INSERT INTO `shijuanitem` VALUES (311, 2, 12, 2, 0);
INSERT INTO `shijuanitem` VALUES (312, 2, 12, 12, 0);
INSERT INTO `shijuanitem` VALUES (313, 2, 12, 6, 0);
INSERT INTO `shijuanitem` VALUES (314, 2, 12, 13, 1);
INSERT INTO `shijuanitem` VALUES (315, 2, 12, 19, 1);
INSERT INTO `shijuanitem` VALUES (316, 2, 12, 33, 1);
INSERT INTO `shijuanitem` VALUES (317, 2, 12, 49, 1);
INSERT INTO `shijuanitem` VALUES (318, 2, 12, 8, 1);
INSERT INTO `shijuanitem` VALUES (319, 2, 12, 21, 1);
INSERT INTO `shijuanitem` VALUES (320, 2, 12, 35, 1);
INSERT INTO `shijuanitem` VALUES (321, 2, 12, 6, 1);
INSERT INTO `shijuanitem` VALUES (322, 2, 12, 27, 1);
INSERT INTO `shijuanitem` VALUES (323, 2, 12, 34, 1);
INSERT INTO `shijuanitem` VALUES (324, 3, 12, 6, 2);
INSERT INTO `shijuanitem` VALUES (325, 3, 12, 11, 2);
INSERT INTO `shijuanitem` VALUES (326, 3, 12, 2, 2);
INSERT INTO `shijuanitem` VALUES (327, 3, 12, 8, 2);
INSERT INTO `shijuanitem` VALUES (328, 3, 12, 10, 2);
INSERT INTO `shijuanitem` VALUES (329, 3, 12, 7, 2);
INSERT INTO `shijuanitem` VALUES (330, 3, 12, 9, 2);
INSERT INTO `shijuanitem` VALUES (331, 3, 12, 12, 2);
INSERT INTO `shijuanitem` VALUES (332, 3, 12, 1, 2);
INSERT INTO `shijuanitem` VALUES (333, 3, 12, 3, 2);
INSERT INTO `shijuanitem` VALUES (334, 10, 12, 13, 3);
INSERT INTO `shijuanitem` VALUES (335, 10, 12, 12, 3);
INSERT INTO `shijuanitem` VALUES (336, 10, 12, 22, 3);
INSERT INTO `shijuanitem` VALUES (337, 2, 13, 7, 0);
INSERT INTO `shijuanitem` VALUES (338, 2, 13, 26, 0);
INSERT INTO `shijuanitem` VALUES (339, 2, 13, 16, 0);
INSERT INTO `shijuanitem` VALUES (340, 2, 13, 36, 0);
INSERT INTO `shijuanitem` VALUES (341, 2, 13, 4, 0);
INSERT INTO `shijuanitem` VALUES (342, 2, 13, 6, 0);
INSERT INTO `shijuanitem` VALUES (343, 2, 13, 39, 0);
INSERT INTO `shijuanitem` VALUES (344, 2, 13, 3, 0);
INSERT INTO `shijuanitem` VALUES (345, 2, 13, 18, 0);
INSERT INTO `shijuanitem` VALUES (346, 2, 13, 8, 0);
INSERT INTO `shijuanitem` VALUES (347, 2, 13, 47, 1);
INSERT INTO `shijuanitem` VALUES (348, 2, 13, 15, 1);
INSERT INTO `shijuanitem` VALUES (349, 2, 13, 38, 1);
INSERT INTO `shijuanitem` VALUES (350, 2, 13, 7, 1);
INSERT INTO `shijuanitem` VALUES (351, 2, 13, 23, 1);
INSERT INTO `shijuanitem` VALUES (352, 2, 13, 41, 1);
INSERT INTO `shijuanitem` VALUES (353, 2, 13, 36, 1);
INSERT INTO `shijuanitem` VALUES (354, 2, 13, 33, 1);
INSERT INTO `shijuanitem` VALUES (355, 2, 13, 14, 1);
INSERT INTO `shijuanitem` VALUES (356, 2, 13, 30, 1);
INSERT INTO `shijuanitem` VALUES (357, 3, 13, 6, 2);
INSERT INTO `shijuanitem` VALUES (358, 3, 13, 7, 2);
INSERT INTO `shijuanitem` VALUES (359, 3, 13, 11, 2);
INSERT INTO `shijuanitem` VALUES (360, 3, 13, 8, 2);
INSERT INTO `shijuanitem` VALUES (361, 3, 13, 1, 2);
INSERT INTO `shijuanitem` VALUES (362, 3, 13, 9, 2);
INSERT INTO `shijuanitem` VALUES (363, 3, 13, 10, 2);
INSERT INTO `shijuanitem` VALUES (364, 3, 13, 2, 2);
INSERT INTO `shijuanitem` VALUES (365, 3, 13, 3, 2);
INSERT INTO `shijuanitem` VALUES (366, 3, 13, 12, 2);
INSERT INTO `shijuanitem` VALUES (367, 10, 13, 12, 3);
INSERT INTO `shijuanitem` VALUES (368, 10, 13, 19, 3);
INSERT INTO `shijuanitem` VALUES (369, 10, 13, 17, 3);
INSERT INTO `shijuanitem` VALUES (370, 2, 14, 25, 0);
INSERT INTO `shijuanitem` VALUES (371, 2, 14, 22, 0);
INSERT INTO `shijuanitem` VALUES (372, 2, 14, 19, 0);
INSERT INTO `shijuanitem` VALUES (373, 2, 14, 27, 0);
INSERT INTO `shijuanitem` VALUES (374, 2, 14, 15, 0);
INSERT INTO `shijuanitem` VALUES (375, 2, 14, 12, 0);
INSERT INTO `shijuanitem` VALUES (376, 2, 14, 9, 0);
INSERT INTO `shijuanitem` VALUES (377, 2, 14, 13, 0);
INSERT INTO `shijuanitem` VALUES (378, 2, 14, 38, 0);
INSERT INTO `shijuanitem` VALUES (379, 2, 14, 7, 0);
INSERT INTO `shijuanitem` VALUES (380, 2, 14, 26, 1);
INSERT INTO `shijuanitem` VALUES (381, 2, 14, 33, 1);
INSERT INTO `shijuanitem` VALUES (382, 2, 14, 23, 1);
INSERT INTO `shijuanitem` VALUES (383, 2, 14, 6, 1);
INSERT INTO `shijuanitem` VALUES (384, 2, 14, 21, 1);
INSERT INTO `shijuanitem` VALUES (385, 2, 14, 47, 1);
INSERT INTO `shijuanitem` VALUES (386, 2, 14, 17, 1);
INSERT INTO `shijuanitem` VALUES (387, 2, 14, 18, 1);
INSERT INTO `shijuanitem` VALUES (388, 2, 14, 45, 1);
INSERT INTO `shijuanitem` VALUES (389, 2, 14, 20, 1);
INSERT INTO `shijuanitem` VALUES (390, 3, 14, 7, 2);
INSERT INTO `shijuanitem` VALUES (391, 3, 14, 8, 2);
INSERT INTO `shijuanitem` VALUES (392, 3, 14, 9, 2);
INSERT INTO `shijuanitem` VALUES (393, 3, 14, 6, 2);
INSERT INTO `shijuanitem` VALUES (394, 3, 14, 1, 2);
INSERT INTO `shijuanitem` VALUES (395, 3, 14, 2, 2);
INSERT INTO `shijuanitem` VALUES (396, 3, 14, 3, 2);
INSERT INTO `shijuanitem` VALUES (397, 3, 14, 11, 2);
INSERT INTO `shijuanitem` VALUES (398, 3, 14, 12, 2);
INSERT INTO `shijuanitem` VALUES (399, 3, 14, 10, 2);
INSERT INTO `shijuanitem` VALUES (400, 10, 14, 20, 3);
INSERT INTO `shijuanitem` VALUES (401, 10, 14, 14, 3);
INSERT INTO `shijuanitem` VALUES (402, 10, 14, 16, 3);

-- ----------------------------
-- Table structure for student
-- ----------------------------
DROP TABLE IF EXISTS `student`;
CREATE TABLE `student`  (
  `id` int(11) NOT NULL AUTO_INCREMENT,
  `address` varchar(255) CHARACTER SET utf8 COLLATE utf8_general_ci NULL DEFAULT NULL,
  `birthday` datetime(0) NULL DEFAULT NULL,
  `des` varchar(255) CHARACTER SET utf8 COLLATE utf8_general_ci NULL DEFAULT NULL,
  `jiguan` varchar(255) CHARACTER SET utf8 COLLATE utf8_general_ci NULL DEFAULT NULL,
  `mianmao` varchar(255) CHARACTER SET utf8 COLLATE utf8_general_ci NULL DEFAULT NULL,
  `tell` varchar(255) CHARACTER SET utf8 COLLATE utf8_general_ci NULL DEFAULT NULL,
  `name` varchar(255) CHARACTER SET utf8 COLLATE utf8_general_ci NULL DEFAULT NULL,
  `nation` varchar(255) CHARACTER SET utf8 COLLATE utf8_general_ci NULL DEFAULT NULL,
  `password` varchar(255) CHARACTER SET utf8 COLLATE utf8_general_ci NULL DEFAULT NULL,
  `photo` varchar(255) CHARACTER SET utf8 COLLATE utf8_general_ci NULL DEFAULT NULL,
  `sex` varchar(255) CHARACTER SET utf8 COLLATE utf8_general_ci NULL DEFAULT NULL,
  `stno` varchar(255) CHARACTER SET utf8 COLLATE utf8_general_ci NOT NULL,
  `zhuanye` varchar(255) CHARACTER SET utf8 COLLATE utf8_general_ci NULL DEFAULT NULL,
  `classid` int(11) NULL DEFAULT NULL,
  PRIMARY KEY (`id`, `stno`) USING BTREE,
  INDEX `stno`(`stno`) USING BTREE,
  INDEX `fk_student_student_1`(`classid`) USING BTREE,
  INDEX `id`(`id`) USING BTREE,
  CONSTRAINT `fk_student_student_1` FOREIGN KEY (`classid`) REFERENCES `banji` (`id`) ON DELETE RESTRICT ON UPDATE RESTRICT
) ENGINE = InnoDB AUTO_INCREMENT = 4 CHARACTER SET = utf8 COLLATE = utf8_general_ci ROW_FORMAT = COMPACT;

-- ----------------------------
-- Records of student
-- ----------------------------
INSERT INTO `student` VALUES (1, '甘肃兰州', '2022-07-26 10:30:47', '无', '甘肃', '党员', '18746576789', '张三', '汉族', '123456', '', '1', '20220000001', '信管', 2);
INSERT INTO `student` VALUES (2, '', NULL, '', '', NULL, NULL, 'zzz', '', '123456', NULL, '', '20220000002', '', 2);
INSERT INTO `student` VALUES (4, NULL, NULL, NULL, NULL, NULL, NULL, '张三', NULL, 'd41d8cd98f00b204e9800998ecf8427e', NULL, NULL, '20220000003', NULL, 2);

-- ----------------------------
-- Table structure for sysuser
-- ----------------------------
DROP TABLE IF EXISTS `sysuser`;
CREATE TABLE `sysuser`  (
  `id` int(11) NOT NULL AUTO_INCREMENT,
  `email` varchar(255) CHARACTER SET utf8 COLLATE utf8_general_ci NULL DEFAULT NULL,
  `password` varchar(255) CHARACTER SET utf8 COLLATE utf8_general_ci NULL DEFAULT NULL,
  `realname` varchar(255) CHARACTER SET utf8 COLLATE utf8_general_ci NULL DEFAULT NULL,
  `sex` varchar(255) CHARACTER SET utf8 COLLATE utf8_general_ci NULL DEFAULT NULL,
  `tell` varchar(255) CHARACTER SET utf8 COLLATE utf8_general_ci NULL DEFAULT NULL,
  `username` varchar(255) CHARACTER SET utf8 COLLATE utf8_general_ci NULL DEFAULT NULL,
  `photo` varchar(255) CHARACTER SET utf8 COLLATE utf8_general_ci NULL DEFAULT NULL,
  PRIMARY KEY (`id`) USING BTREE
) ENGINE = InnoDB AUTO_INCREMENT = 1 CHARACTER SET = utf8 COLLATE = utf8_general_ci ROW_FORMAT = COMPACT;

-- ----------------------------
-- Records of sysuser
-- ----------------------------
INSERT INTO `sysuser` VALUES (1, NULL, '123456', '张三丰', NULL, NULL, 'admin', NULL);

-- ----------------------------
-- Table structure for teacher
-- ----------------------------
DROP TABLE IF EXISTS `teacher`;
CREATE TABLE `teacher`  (
  `id` int(11) NOT NULL AUTO_INCREMENT,
  `tno` varchar(255) CHARACTER SET utf8 COLLATE utf8_general_ci NOT NULL,
  `password` varchar(255) CHARACTER SET utf8 COLLATE utf8_general_ci NULL DEFAULT NULL,
  `sex` varchar(255) CHARACTER SET utf8 COLLATE utf8_general_ci NULL DEFAULT NULL,
  `jiguan` varchar(255) CHARACTER SET utf8 COLLATE utf8_general_ci NULL DEFAULT NULL,
  `xueli` varchar(255) CHARACTER SET utf8 COLLATE utf8_general_ci NULL DEFAULT NULL,
  `photo` varchar(255) CHARACTER SET utf8 COLLATE utf8_general_ci NULL DEFAULT NULL,
  `nation` varchar(255) CHARACTER SET utf8 COLLATE utf8_general_ci NULL DEFAULT NULL,
  `name` varchar(255) CHARACTER SET utf8 COLLATE utf8_general_ci NULL DEFAULT NULL,
  `email` varchar(255) CHARACTER SET utf8 COLLATE utf8_general_ci NULL DEFAULT NULL,
  `tell` varchar(255) CHARACTER SET utf8 COLLATE utf8_general_ci NULL DEFAULT NULL,
  `zhicheng` varchar(255) CHARACTER SET utf8 COLLATE utf8_general_ci NULL DEFAULT NULL,
  `major` varchar(255) CHARACTER SET utf8 COLLATE utf8_general_ci NULL DEFAULT NULL,
  `jieshao` longtext CHARACTER SET utf8mb4 COLLATE utf8mb4_0900_ai_ci NULL,
  PRIMARY KEY (`id`, `tno`) USING BTREE,
  INDEX `tno`(`tno`) USING BTREE
) ENGINE = InnoDB AUTO_INCREMENT = 7 CHARACTER SET = utf8 COLLATE = utf8_general_ci ROW_FORMAT = COMPACT;

-- ----------------------------
-- Records of teacher
-- ----------------------------
INSERT INTO `teacher` VALUES (1, '无', '', '', '', '', NULL, '', '', '', '', '', '', '');
INSERT INTO `teacher` VALUES (2, 'T20220001', '123456', '1', '甘肃', '博士', NULL, '汉', '刘', '123@qq.com', '1889399', '副教授', '计算机', '无');
INSERT INTO `teacher` VALUES (7, 'T2022000003', 'd41d8cd98f00b204e9800998ecf8427e', NULL, NULL, NULL, NULL, NULL, 'Jenn', NULL, NULL, NULL, NULL, NULL);

-- ----------------------------
-- Table structure for tiankong
-- ----------------------------
DROP TABLE IF EXISTS `tiankong`;
CREATE TABLE `tiankong`  (
  `id` int(11) NOT NULL AUTO_INCREMENT,
  `daan` varchar(255) CHARACTER SET utf8 COLLATE utf8_general_ci NULL DEFAULT NULL,
  `kmid` int(11) NULL DEFAULT NULL,
  `title` longtext CHARACTER SET utf8 COLLATE utf8_general_ci NULL,
  `diffact` double NULL DEFAULT NULL,
  PRIMARY KEY (`id`) USING BTREE
) ENGINE = InnoDB AUTO_INCREMENT = 12 CHARACTER SET = utf8 COLLATE = utf8_general_ci ROW_FORMAT = COMPACT;

-- ----------------------------
-- Records of tiankong
-- ----------------------------
INSERT INTO `tiankong` VALUES (1, '123', 9, 'DMA 的数据块传送可分为______、______ 和______ 阶段', 0.5);
INSERT INTO `tiankong` VALUES (2, '20,50', 9, '设n = 16 (不包括符号位)，机器完成一次加和移位各需100ns，则原码一位乘最多需______ ns，补码Booth 算法最多需______ ns ', 0.5);
INSERT INTO `tiankong` VALUES (3, '机器', 9, '计算机唯一能直接执行的语言是______语言\r\n.', 0.5);
INSERT INTO `tiankong` VALUES (6, '7', 9, '在 Java 语言中有定义 int[ ] a = {22,33,44,55,66,77,88},则 a.length = __。', 0.6);
INSERT INTO `tiankong` VALUES (7, '45', 9, ' 在 Java 程序中有如下代码，则输出结果为________。\n\nInteger x=23456;\n\nSystem.out.println(x.toString().substring(2,4));\n\n', 0.6);
INSERT INTO `tiankong` VALUES (8, '3', 9, ' 设 int x=1 , y=2 , z=3 ， 则表达式 y ＋ ＝ (z － － )/( ＋ ＋ x) 的值是__。', 0.6);
INSERT INTO `tiankong` VALUES (9, 'Object', 9, 'java 语言中______是所有类的父类', 0.6);
INSERT INTO `tiankong` VALUES (10, '与平台无关', 9, 'Java 语言采用多种机制来保证可移植性，其中最主要的是______。', 0.5);
INSERT INTO `tiankong` VALUES (11, '公共', 9, '如果 Java 源文件中有多个类，那么只能有一个_________类。', 0.5);
INSERT INTO `tiankong` VALUES (12, 'super.x', 9, '如果子类 A 隐藏了超类 B 的成员变量 x，而类 A 的某个方法 f()要引用类 B 的 x，则引用\n\n\n\n类 B 的 x 的引用代码可以写成__________。', 0.6);

-- ----------------------------
-- Table structure for xuanze
-- ----------------------------
DROP TABLE IF EXISTS `xuanze`;
CREATE TABLE `xuanze`  (
  `id` int(11) NOT NULL AUTO_INCREMENT,
  `choicea` varchar(255) CHARACTER SET utf8 COLLATE utf8_general_ci NULL DEFAULT NULL,
  `choiceb` varchar(255) CHARACTER SET utf8 COLLATE utf8_general_ci NULL DEFAULT NULL,
  `choicec` varchar(255) CHARACTER SET utf8 COLLATE utf8_general_ci NULL DEFAULT NULL,
  `choiced` varchar(255) CHARACTER SET utf8 COLLATE utf8_general_ci NULL DEFAULT NULL,
  `daan` varchar(255) CHARACTER SET utf8 COLLATE utf8_general_ci NULL DEFAULT NULL,
  `kmid` int(11) NULL DEFAULT NULL,
  `title` varchar(255) CHARACTER SET utf8 COLLATE utf8_general_ci NULL DEFAULT NULL,
  `diffact` double NULL DEFAULT NULL,
  PRIMARY KEY (`id`) USING BTREE
) ENGINE = InnoDB CHARACTER SET = utf8 COLLATE = utf8_general_ci ROW_FORMAT = COMPACT;

-- ----------------------------
-- Records of xuanze
-- ----------------------------
INSERT INTO `xuanze` VALUES (2, 'ACSII  码', ' BCD  码', '二进制', '十六进制', 'A', 9, '在计算机内部，一切信息的存取、处理和传送的形式是', 0.5);
INSERT INTO `xuanze` VALUES (3, '单片机 ', '组合机', '不装备任何软件的计算机    ', '只安装操作系统的计算机', 'A', 9, '所谓“裸机”是指', 0.5);
INSERT INTO `xuanze` VALUES (4, '程序价格便宜、软件价格昂贵；', '程序是用户自己编写的，而软件是由厂家提供的； ', '程序是用高级语言编写的，而软件是由机器语言编写的', '软件是程序以及开发、  使用和维护所需要的所有', 'D', 9, '软件与程序的区别是∶', 0.5);
INSERT INTO `xuanze` VALUES (5, '所有能够使用的软件', '能被各应用单位共同使用的某种软件 ', '所有微机上都应使用的基本软件', '专门为某一应用目的而编制的软件  ', 'D', 10, '应用软件是指 ', 0.5);
INSERT INTO `xuanze` VALUES (6, '发现源程序中的语法错误   ', '改正源程序中的语法错误 ', '将源程序编译成目标程序', '将某一高级语言程序翻译成另一种高级语言', 'C', 9, '编译程序的功能是', 0.3);
INSERT INTO `xuanze` VALUES (7, '机器语言', '汇编语言', '高级语言', '自然语言', 'A', 9, '可移植性最好的计算机语言是∶', 0.3);
INSERT INTO `xuanze` VALUES (8, '效率  ', '复杂性', '复杂度', '难度', 'C', 9, '算法的计算量的大小称为计算的（    ）', 0.5);
INSERT INTO `xuanze` VALUES (9, '可执行性、可移植性、可扩充性', '可执行性、确定性、有穷性', '确定性、有穷性、稳定性', '易读性、稳定性、安全性', 'B', 9, '计算机算法指的是（1），它必须具备（2） 这三个特性。', 0.5);
INSERT INTO `xuanze` VALUES (10, '程序', '问题求解步骤的描述 ', '要满足五个基本特性', 'A和C. ', 'C', 9, '一个算法应该是（     ）', 0.3);
INSERT INTO `xuanze` VALUES (11, '算法原地工作的含义是指不需要任何额外的辅助空间', '在相同的规模n下，复杂度O(n)的算法在时间上总是优于复杂度O(2n)的算法 ', '所谓时间复杂度是指最坏情况下，估算算法执行时间的一个上界', '同一个算法，实现语言的级别越高，执行效率就越低', 'D', 9, '下面说法错误的是（    ）', 0.3);
INSERT INTO `xuanze` VALUES (12, '循环队列 ', '链表', '哈希表     ', '栈', 'C', 9, '以下与数据的存储结构无关的术语是（    ）', 0.3);
INSERT INTO `xuanze` VALUES (13, '逻辑结构', '选择结构', '循环结构', '顺序结构', 'A', 9, '算法的基本结构中不包括', 0.6);
INSERT INTO `xuanze` VALUES (14, '实现算术运算和逻辑运算', '保存各种指令信息供系统其他部件使用', '分析指令并进行译码   ', '按主频指标规定发出时钟脉冲', 'A', 9, '运算器的主要功能是', 0.6);
INSERT INTO `xuanze` VALUES (15, '高级编程', '计算机', '面向对象', '面向过程', 'C', 9, 'java是面什么语言', 0.6);
INSERT INTO `xuanze` VALUES (16, '解析型高级语言', '计算机语言', '汇编语言', '编程语言', 'A', 9, 'Java是一种什么语言', 0.6);
INSERT INTO `xuanze` VALUES (17, 'u 盘', '内存存储器', '光盘', '固定硬盘', 'B', 9, '下列各存储器中，存取速度最快的一种是()', 0.5);
INSERT INTO `xuanze` VALUES (18, '局域网', '都市网', '广域网', '星型网', 'D', 9, '1.下列哪些计算机网络不是按覆盖地域划分的( )。', 0.5);
INSERT INTO `xuanze` VALUES (19, '军事机构', '政府机构', '教育机构', '商业公司', 'D', 9, '域名中的后缀.com表示机构所属类型为( )', 0.5);
INSERT INTO `xuanze` VALUES (20, '半导体', '电子', '激光', '磁效应', NULL, 9, '光盘是一种利用————技术的存储设备', 0.5);
INSERT INTO `xuanze` VALUES (21, '有利于代码共享，减少主、辅存信息交换量', '充分利用存储器', '充分利用CPU，减少CPU等待时间', '提高实时响应速度', 'D', 9, '在操作系统中引入多道程序设计的目的在于（     ）', 0.5);
INSERT INTO `xuanze` VALUES (22, 'JAVA程序的main方法必须写在类里面', 'JAVA程序中可以有多个main方法', 'JAVA程序中类名必须与文件名一样', 'JAVA程序的main方法中如果只有一条语句，可以不用{}(大括号)括起来', 'A', 9, '下列说法正确的是（）', 0.5);
INSERT INTO `xuanze` VALUES (25, 'then', 'continue', 'java', 'PUBLIC', 'C', 9, '下面选项中，(  )是Java 关键字。', 0.5);
INSERT INTO `xuanze` VALUES (26, 'boolean b=”true”;', 'double x=2.5f;', 'char c=”A”;', 'float y=0.8d;', 'B', 9, '下面语句中，正确的是(  )', 0.5);
INSERT INTO `xuanze` VALUES (27, 'int m=s.indexOf(‘r’)；', 'char c=s.charAt(0)；', 'int n=s.length()；', 'String str=s.append(‘2’);', 'D', 9, '设有定义：String s=“World”;，下列语句错误的是(  )', 0.5);
INSERT INTO `xuanze` VALUES (28, 'private class MyClass extends Object', 'public class myclass extends Object', 'public class MyClass', 'class MyClass extends Object', 'C', 9, '假设在Java 源程序文件“MyClass.java”中只含有一个类，而且这个类必须能够被位于个庞大的软件系统中的所有Java 类访问到，那么下面(  )声明有可能是符合要求的类声明。', 0.5);
INSERT INTO `xuanze` VALUES (29, '与文件目录的层次相同', '与文件的结构相同', '与文件类型相同', '与文件大小相同', 'A', 9, '在Java 中，用package 语句说明一个包时，该包的层次结构必须是( )。', 0.5);
INSERT INTO `xuanze` VALUES (30, '数组是最简单的复合数据类型，是一系列数据的集合', '声明数组时，必须分配内存', '数组的元素可以是值(基本数据类型)、对象或其他数组', '一个数组中的所有值都必须是相同的类型', 'B', 9, '下面关于数组的说法，错误的是( )。', 0.5);
INSERT INTO `xuanze` VALUES (31, 'Java 中的方法参数传递时传值调用，而不是地址调用', '方法体是对方法的实现，包括变量声明和Java 的合法语句', '如果程序定义了一个或多个构造方法，在创建对象时，也可以用系统自  动生成空的构造方法', '类的私有方法不能被其子类直接访问', 'C', 9, '下面关于方法的说法，错误的是(  )', 0.5);
INSERT INTO `xuanze` VALUES (32, '内部类不能有自己的成员方法和成员变量', '内部类可用abstract 修饰定义为抽象类，也可以用private 或protected 定义', '内部类可作为其他类的成员，而且可访问它所在类的成员', '内部类是写在内里面的类', 'A', 9, '下面关于内部类的说法，错误的是(  )。', 0.5);
INSERT INTO `xuanze` VALUES (33, 'ArithmeticException', 'NullPointerException', 'IOException', 'ClassNotFoundException', 'B', 9, '给定如下所示的JAVA代码，则运行时，会产生（）类型的异常\nString s = null; s.concat(\"abc\");', 0.5);
INSERT INTO `xuanze` VALUES (34, '200ok表示请求成功', '400不良请求表示服务器未发现与请求URL匹配内容', '404未发现表示由于语法错误儿导致服务器无法理解请求信息', '500内部服务器错误，无法处理请求', 'D', 9, '.以下HTTP相应状态码的含义描述正确的是（）', 0.5);
INSERT INTO `xuanze` VALUES (35, 'JSP命令', 'JSP Action', ' JSP脚本', 'JSP控件', 'C', 9, 'JSP页面包括哪些元素？（）', 0.5);
INSERT INTO `xuanze` VALUES (36, 'DOM', 'CSS', 'JavaScript', 'XmlHttpRequest', 'A', 9, 'Ajax有四种技术组成：DOM,CSS,JavaScript，XmlHttpRequest，其中控制文档结构的是（）', 0.5);
INSERT INTO `xuanze` VALUES (37, 'HttpSession session=new HttpSession();', 'String haha=session getParameler(:haha”);', 'session.removeAttribute(“haha”);', 'session.setAttribute(:haha:);XmlHttpRequest', 'A', 9, '下面关于session的用法哪些是错误的？（）', 0.6);
INSERT INTO `xuanze` VALUES (38, 'var obj=( );', 'var obj=[ ];', 'var obj=1;', 'var obj={}；', 'A', 9, '以下JavaScipt语句会产生运行错误的是_（）', 0.6);
INSERT INTO `xuanze` VALUES (39, '<% %>', '<% ! %>', ' <%@ %>', '<%=%>', 'B', 9, '在JSP中，下面__（）__块中可以定义一个新类：', 0.6);

SET FOREIGN_KEY_CHECKS = 1;
